Title,Date,Press,Link,Body,Emotion,Comment_body,Comment_date,Comment_recomm,Comment_unrecomm,Num_comment
자산시장 뒤흔드는 돈의 힘…美 주식 이어 부동산도 '들썩',20210101,이데일리,https://n.news.naver.com/mnews/article/018/0004819401,"넘치는 돈…주가와 함께 집값 상승 '역대급'
케이스-실러 주택지수, 6년만에 최대폭 급등
15년만기 모기지금리 2% 초반 '사상 최저'
교외 개인주택 이주 수요↑…공급은 확 줄어
'뉴저지 이주' 미국 내 뉴욕 집값 상승 최저
미국 일리노이주의 한 주택 인근에 판매 간판이 걸려 있다. (사진=AFP 제공)
[뉴욕=이데일리 김정남 특파원 방성훈 기자] 주가 못지않은 폭등세다. 미국 집값이 6년여만에 가장 큰 폭으로 급등했다. 코로나19 충격에 따른 돈 풀기 정책으로 모기지(주택담보대출) 금리가 사상 최저까지 떨어진 데다 재택근무가 일반화하며 교외 주택 수요가 크게 늘어난 영향이다.

사상 최저로 급락한 美 모기지 금리

30일(현지시간) 미국 스탠더드앤드푸어스(S&P) 다우존스 지수(S&P Dow Jones Indices) 등에 따르면 지난 10월 S&P 코어로직 케이스-실러 주택가격지수(계절조정치)는 전년 동기 대비 8.4% 올랐다. 미국 전역의 집값이 이 정도 올랐다는 의미다. 이는 2014년 3월(8.9%↑) 이후 6년여만의 최대 상승 폭이다.

이 지수는 칼 케이스 웰즐리대 교수와 로버트 실러 예일대 교수가 공동 개발한 미국의 대표적인 주택가격지수다. 2000년 1월을 100으로 놓고 지수를 산출한다. S&P와 부동산 전문가들로 구성된 지수 위원회가 관리를 맡고 있어 공신력이 높다.

집값 오름세는 다른 실물·금융 지표들과 그 흐름이 다르다. 대부분 지표들은 팬데믹이 본격화한 올해 3월을 기점으로 큰 변동을 겪었으나, 케이스-실러 지수는 계속 상승했다. 올해 2월 이후 상승률(전년 동기 대비)은 4.2%→4.5%→4.6%→4.4%→4.4%→4.8%→5.8%→7.0%→8.4%를 기록했다. 최근 추세라면 지난달(11월) 수치는 더 올랐을 가능성이 높다. 케이스-실러 지수를 내기 시작한 1988년 이후를 분석해보면, 글로벌 금융위기 직전인 2003~2005년과 글로벌 금융위기 직후인 2012~2013년에 이은 제3의 상승기를 맞고 있다는 해석이 나온다.

다른 통계기관 역시 비슷하다. 미국 부동산중개인협회(NAR)에 따르면 지난달 기존 주택 중위 매매가격은 지난해 같은 기간보다 14.6% 올랐다. 기존주택 거래는 미국 전체 주택시장 거래량의 90%다. 신규주택의 경우 10%다.

이유는 여러가지다. 무엇보다 코로나19 사태 이후 풀린 엄청난 유동성으로 시장금리가 급락한 게 첫 손에 꼽힌다. 현재 미국의 15년 만기 모기지 금리는 낮게는 2% 초반대다. 사상 최저다. 30년 만기의 경우 2% 후반대다. 게다가 미국은 주택담보대출비율(LTV), 총부채상환비율(DTI) 같은 주택 규제가 한국에 비해 유연하다. 주식과 함께 부동산 가격이 오를 수 있는 환경이 만들어져 있는 셈이다.

코로나 피하자…교외 이주 수요↑

수요증가도 영향을 미쳤다. 팬데믹 이후 재택 형태의 근무 문화가 확대하면서 복잡한 도심 아파트를 피해 넓은 교외 주택으로 이주하려는 수요가 많아진 것이다. S&P 다우존스 지수의 크레이그 라자라 매니징 디렉터는 “코로나19 사태는 도심에서 교외로 이사하려는 수요를 더 높였다”고 말했다.

이는 당분간 이어질 가능성이 높다. 월스트리트저널(WSJ)에 따르면 상업용 부동산 서비스회사인 CBRE그룹은 내년 사무실 임대료는 8%까지 떨어질 수 있다고 내다봤다. 그만큼 재택 근무에 무게를 두는 기업들이 늘어날 것이라는 분석이다. 보안관리 전문업체 캐슬시스템스는 이번달 셋째주 미국 내 10개 주요 도시 근로자 중 평균 22.9%만이 사무실로 복귀했다고 전했다.

반면 주택 공급은 확 줄었다. NAR 집계를 보면 지난달 시장에 나온 기존주택 매물은 1982년 이후 최소인 128만채로 나타났다. 전년 동기 대비 20% 이상 급감했다. 로런스 윤 NAR 수석이코노미스트는 “매도인에 비해 매수인이 너무 많다”고 말했다.

미국 주요 20개 대도시의 10월 지수 상승률은 7.9%(케이스-실러 지수 기준)를 기록했다. 애리조나주 피닉스가 전년 동기와 비교해 무려 12.7% 뛰며 상승률 1위를 기록했다. 워싱턴주 시애틀(11.7%), 캘리포니아주 샌디에이고(11.6%) 등은 두자릿수를 보였다. 주로 서북부 지역 도시들이다. 북부 오하이오주 클리블랜드(9.5%), 동북부 매사추세츠주 보스턴(9.4%) 역시 높았다.

다만 ‘세계의 수도’로 불리는 뉴욕주 뉴욕는 6.0%로 가장 낮은 상승률을 나타냈다. 뉴욕주에 인접한 뉴저지주의 한 공인중개사는 “재택근무와 온라인수업이 늘면서 맨해튼의 방 2개 아파트에 살던 이들이 뉴저지 일대 방 3개 이상 주택을 찾는 경우가 많아졌다”고 했다.

미국 내 주요 20개 도시의 스탠더드앤드푸어스(S&P) 코어로직 케이스-실러 주택가격지수(계절조정치) 상승률 현황. (출처=S&P 다우존스 지수)


김정남 (jungkim@edaily.co.kr)

▶ #24시간 빠른 #미리보는 뉴스 #eNews+
▶ 네이버에서 '이데일리 뉴스'를 만나보세요
▶ 빡침해소, 청춘뉘우스 '스냅타임'


＜ⓒ종합 경제정보 미디어 이데일리 - 무단전재 & 재배포 금지＞",Good:0 Warm:0 Sad:0 Angry:0 Want:0,,,,,
"미 자산운용사, 비트코인 기반 ETF 발행 신청",20210101,뉴스1,https://n.news.naver.com/mnews/article/421/0005083618,"비트코인 © AFP=뉴스1

(서울=뉴스1) 권영미 기자 = 대표적인 암호화폐인 비트코인의 가격과 연동된 상장지수펀드(ETF)가 조만간 등장할 가능성이 있다고 블룸버그통신이 지난달 31일 보도했다.

뉴욕 자산운용사인 반에크 어소시에이츠는 전날 비트코인 가격과 연계된 ETF를 만들기 위해 미 증권거래위원회(SEC)에 비트코인 ETF 상품 승인을 요청하는 서류를 제출했다.

반에크는 수년간 비트코인 연동 ETF를 위한 신청을 수차례 해왔지만 계속 거절당해왔다. 전문가들은 제이 클레이튼 SEC 위원장이 물러나는 변화와 함께 월가에 비트코인이 점점 더 많이 도입되고 있어 승인 가능성이 높아지고 있다고 본다.

클레이튼 위원장은 반에크의 신청을 번번이 거부해온 인물로 올해 6월까지가 임기다.

최근 비트코인은 3만달러를 넘보며 사상최고치를 기록하고 있다. 지난해 약 300% 폭증한 가격 덕에 월가 유명 투자자나 기업도 지대한 관심을 보이고 있다.

하지만 여전히 비트코인 기반 ETF의 승인이 쉽지 않으리라는 전망도 많다.

신임 SEC 위원장이 누가 될지는 모르나 조 바이든 대통령 당선인이 재무장관으로 지명한 재닛 옐런 전 연방준비제도이사회(Fed) 의장은 비트코인에 비우호적이기 때문이다. 그는 비트코인을 '투기성 자산'이며 안정되게 가치를 담을 수단은 아니라고 보고 있다고 블룸버그는 전했다.

ungaungae@news1.kr

▶ 네이버 메인에서 [뉴스1] 구독하기!
▶ 뉴스1&BBC 한글 뉴스 ▶ 터닝포인트 2021

© 뉴스1코리아(news1.kr), 무단 전재 및 재배포 금지",Good:2 Warm:0 Sad:0 Angry:3 Want:1,"미국이 무슨 이득이 있다고 승인해주냐 미국이 패권을 버리면 승인해줄까 또한 상식적으로 달러패권도 위협할수있는대
오래된 떡밥 ㅋ
도박이지 대박 아님 쪽박..
설마 저걸 사는 사람은 없겠지?? ㅋ
","2021-01-01T22:36:06+0900
2021-01-01T18:48:44+0900
2021-01-01T18:42:50+0900
2021-01-01T18:41:57+0900
","0
0
2
1
","0
0
4
4
",4
中 생수업체 창업자 중산산 '아시아 최고 부자' 등극,20210101,뉴스1,https://n.news.naver.com/mnews/article/421/0005083587,"암바니 인도 릴라이언스 회장 '2위'로 밀려나
중산산 농푸산취안 회장 (농푸산취안)

(서울=뉴스1) 권영미 기자 = 중국 최대 생수업체 농푸산취안의 중산산 회장이 인도 최대 그룹 릴라이언스 인더스트리의 무케시 암바니 회장을 누르고 아시아 최고 부자가 됐다.

1일 세계 부호들의 자산 변화 추이를 알려주는 블룸버그 억만장자 인덱스에 따르면 중 회장의 자산은 작년 한 해 동안 714억달러 증가한 총 782억달러를 기록했다.

암바니 회장도 지난 1년간 자산이 늘긴 했지만 중 회장만큼의 극적인 증가를 보이진 못했다. 암바니 회장의 자산은 181억달러 늘어난 767억달러로 올해는 중 회장에 이어 아시아 2위를 차지했다.

전 세계 부호 순위에서도 중 회장이 11위, 암바니 회장은 12위다.

중 회장은 작년 한 해 동안 백신 제조업체 완타이바이오와 농푸산취안을 잇달아 상장시켰다. 이후 농푸산취안 주가는 155%, 완타이바이오 주가는 2000% 이상 폭등했다.

블룸버그통신은 ""중 회장은 중국 내 정치상황에 관여하지 않는 데다 다른 부호들과 사업상 관계도 맺지 않기 때문에 '외로운 늑대'로 불린다""고 소개했다.

블룸버그는 ""암바니 회장의 경우 한때 '세계 4위' 부호에 이르기도 했지만, '디지털혁신' 공약에 따른 압박 탓에 릴라이언스의 주가 상승폭이 지지부진했다""고 부연했다.

암바니에 앞서 아시아 최고 부자 자리를 차지했던 알리바바 창업자 마윈은 작년 10월 617억달러 규모의 자산을 보유했었으나 현재 500억달러를 조금 넘는 수준으로 집계됐다.

ungaungae@news1.kr

▶ 네이버 메인에서 [뉴스1] 구독하기!
▶ 뉴스1&BBC 한글 뉴스 ▶ 터닝포인트 2021

© 뉴스1코리아(news1.kr), 무단 전재 및 재배포 금지",Good:0 Warm:0 Sad:0 Angry:0 Want:1,"조만간 공산당에 통째로 바쳐지겠지.
중국에서 1등이 뭔의미가잇냐??마윈 보고도... 어자피 니돈 아니야 아시아가 아니고 세계 1등이레도 공산당이 내일부터..아니 지금부터 내거 하면 니는 알거지여 ㅋㅋ
","2021-01-01T22:24:52+0900
2021-01-01T20:59:19+0900
","0
0
","0
0
",2
3000만원 돌파한 비트코인…7년만에 ETF 나오나,20210101,매일경제,https://n.news.naver.com/mnews/article/009/0004726678,"월가 운용사 설립안 제출

올 들어 가상화폐 비트코인 가치가 300% 넘게 폭증하자 월가에서 비트코인 상장지수펀드(ETF) 설립 움직임이 다시 일고 있다.

지난달 31일(현지시간) 미국 경제전문매체 비즈니스인사이더에 따르면, 미국 자산운용사 반에크 어소시에이츠는 전날 미국 증권거래위원회(SEC)에 '반에크 비트코인 트러스트' 설립 신청서를 제출했다. 승인이 떨어지면 비트코인 가격을 추종하는 최초의 ETF가 탄생하게 된다. 가상화폐 ETF를 만들기 위한 시도는 2013년 '비트코인 큰손'으로 유명한 캐머런 윙클보스 형제를 시작으로 꾸준히 있었으나 번번이 퇴짜를 맞았다. 투자자 보호가 이뤄지지 않는다는 것이 주된 이유였다. 2019년 9월 반에크 측의 비트코인 ETF 설립 신청을 반려했을 당시 SEC는 '사기 및 시장조작 행위'를 방지하기 위한 요건이 미충족됐다고 판단했다.

그러나 시장에선 이번엔 다를 수 있다는 기대감이 번지고 있다. 재임 기간 내내 비트코인 ETF 출시를 반대해온 제이 클레이턴 SEC 위원장이 작년 말 사임했기 때문이다. 비트코인 가치가 올 들어 300% 가까이 폭등하면서 가상화폐에 대한 기업의 인식이 달라진 점도 호재로 평가된다. 세계 최대 간편결제 기업인 페이팔은 가상화폐로 결제하는 시스템 도입을 결정했고, 미국 메이저 보험사인 매스뮤추얼은 1억달러 규모 비트코인 투자를 결정했다.

다만 가상화폐를 비판해온 재닛 옐런이 조 바이든 차기 행정부의 재무장관이란 점이 걸림돌이 될 수 있다는 관측도 있다.

[진영화 기자]

▶ 네이버 메인에서 '매일경제'를 받아보세요
▶ 궁금한 제조과정 영상으로 보세요. '이렇게 만들죠'
▶ 아파트 살까 청약할까. 여기서 확인하세요. '매부리tv'

[ⓒ 매일경제 & mk.co.kr, 무단전재 및 재배포 금지]",Good:11 Warm:0 Sad:0 Angry:9 Want:0,"화폐의 혼돈시대개막
비트코인은 아무리 봐도 구조 이해 잘 안되던데;; 그런거에 몇천 이상 투자하는 사람들은 정말 대단한듯
번개탄 피울 생각이면 해보셈
형은... 이더리움 13마넌할때 5000 투자했다... 지금 3억 개미들 남돈버는거 배아파서 달려들때까지 안판다ㅎㅎ 아직 단체 식중독단계는 아니야
아직은 대중참여가 아니다 ㅎㅎ 더 먹고 있을게요^^
","2021-01-01T22:15:26+0900
2021-01-01T22:24:00+0900
2021-01-01T22:43:06+0900
2021-01-01T23:13:39+0900
2021-01-01T22:46:15+0900
","11
8
3
2
3
","2
6
1
1
3
",13
"2020년 베트남 투자 1위 싱가포르 2위 한국..""한국 교역 및 투자 늘려야""",20210101,한국경제TV,https://n.news.naver.com/mnews/article/215/0000926477,"[사진 : vnexplorer]

한국의 신남방정책 과제를 조기 달성하기 위해 베트남과의 협력을 더욱 강화해야 하며, 양국 간 무역량을 조속한 시일내 1000억 달러로 늘려야 한다는 주장이 나왔다.

베트남 상공회의소(VCCI) 쭝비응옥(Truong Bich Ngoc) 국제협력부 차장은 최근 한국과 베트남의 통상 촉진을 주제로 한 회의에서 이같이 밝혔다.

응옥 차장의 이날 발언은 지난해 10월 베트남을 공식방문한 박병석 국회의장에게 당시 응우옌 쑤언 푹 총리가 당부한 말과 궤를 같이한다.

응옥 차장은 ""베트남은 모든 분야에서 한국과의 관계를 우선시하고 있으며, 이는 베트남이 주요 파트너로 간주되는 한국 정부의 신남방정책과도 일치한다""고 강조했다.

이어 ""한국과의 무역관계에서 보면 2020년 8월까지의 무역량은 전년인 2019년 8월까지의 무역량 500억 달러에 크게 다르지 않으며, 오히려 9월 이후 무역량은 줄어 결과적으로 2019년에 기록한 양국간 무역볼륨 692억 달러에 크게 다르지 않을 것""이라고 추정했다.

응옥 차장은 ""따라서 양국 관계에서 기업들의 공급망을 다양화하고 무역에서도 더욱 긴밀한 협력을 통해 양국의 무역량을 조속한 시일에 1000억 달러 규모로 늘려야 한다""고 주장했다.

또한 ""2020년의 코로나19 팬데믹은 전세계 보호무역주의 증가와 미-중 무역긴장 등 기존 이슈는 말할 것도 없고 세계적인 경기침체로 이어져 베트남 기업들이 끊임없이 새로운 사업 방식을 찾고 수출시장을 다변화할 수 밖에 없었다""고 말했다.

이런 가운데 지난달 2일 베트남 투자청에 따르면 올 3분기 까지 베트남 외국인 직접투자(FDI) 1위국은 싱가포르로 약 68억 달러를 투자했다. 이어 2위는 약 32억 달러를 투자한 한국이다. 3위는 중국으로 약 19억 달러를 투자했다.

눈 여겨 볼 점은, 2020년은 베트남에 대한 중국자본의 투자가 특히 늘었다.

범 중국 자본으로 분류되는 중국본토와 대만, 홍콩 그리고 중국기업의 우회 투자 경로인 싱가포르 투자의 일부를 감안한다면 그 규모는 한국의 4배에 이를 것으로 추산된다.",Good:0 Warm:0 Sad:0 Angry:1 Want:0,"베트남은 친일국가입니다 그돈으로 인도 투자합시다
뭐라는거야? 줄이야지 ...
한국은 하루빨리 베트남에서 철수가하는게 답이다 올해소망이 베트남 망하는게 소망이다
베트남은 친일국가이고,,베트남전쟁때 참전한 한국은 언제든지 뒤통수 때린다..인도로 가자..
","2021-01-01T21:09:35+0900
2021-01-01T17:29:40+0900
2021-01-02T08:03:54+0900
2021-01-02T00:59:02+0900
","5
3
0
0
","1
0
1
1
",4
"英파이낸셜 타임즈 ""베트남, 글로벌기업들의 세계 공급망 위치"" 집중조명",20210101,한국경제TV,https://n.news.naver.com/mnews/article/215/0000926474,"[사진 : totalworkforceindex.com]

영국의 파이낸셜 타임즈(FT)는 ""다국적 기업들이 베트남을 글로벌 제조업 생산기지와 공급망으로 세우려 하고 있다""고 보도했다.

파이낸셜 타임즈는 보도에서 마이클 코칼라리(Michael Kokalari) 빈캐피털 수석 이코노미스트의 말을 인용해 최근 베트남으로 이전하는 외국 기업이 부쩍 늘고 있다고 전했다.

코칼라리 이코노미스트는 ""이들 기업들의 이전 목적은 노동집약적 제품 생산에서 첨단기술 사업, 그리고 부품·소재 생산과 완제품 생산에 이르기까지 다양하다""며 ""애플도 에어팟 무선 이어버드(Apple earbuds) 중 일부를 2020년 2분기부터 베트남에서 대량 생산하기 시작했다""고 전했다.

전문가들은 베트남이 노동산업과 기술산업 두 가지에서 글로벌 공급망으로서 역할을 하고 있다고 평가했다.

삼성으로 대표되는 스마트폰에서 인텔로 대표되는 마이크로칩에 이르기까지 베트남에서 고부가가치 제품을 제조하는 데 사용되는 많은 부품들은 한국과 대만 그리고 중국 또는 기타 국가로 공급되고 있다.

전체인구 1억의 베트남 노동시장은 인구 14억의 중국만큼 크지 않다. 하지만 인구 평균나이 32.5세의 젊은 나라 베트남은 지난해 글로벌 노동지수에서 1인당 5천 달러를 기록하며 상위권에 들었다.

이어 지난해 인력그룹 인재 솔루션 총인력지수(Total WorkForce Index, TWI)에 따르면 2020년 베트남은 비용 효율성에서 1위 필리핀의 0.88에 근소하게 낮은 0.85로 4위에 올랐으며, 노동자의 월평균 임금은 321달러를 기록했다.

파이낸셜타임스도 ""지난해 11월들어 더욱 심해진 코로나19 대유행에도 불구하고 베트남에 대한 외국인 직접투자 지출은 2% 감소한 172억 달러에 불과하다""고 주목했다.

베트남 경제는 지난해 2.91% 성장했으며, 세계에서 가장 빠르게 성장하는 경제 중 하나가 됐다. 베트남 정부는 올해 경제성장 목표 6.5%라고 공식 발표했다.

한편, 지난해 베트남 산업용지 부동산 가격이 급등했다. 글로벌 기업들의 생산기지 이전과 공급망 재편에서 베트남은 최적의 위치와 조건으로 그 수요는 더욱 급등할 것으로 전문가들은 예상하고 있다.

특히 대도시 인근 지역 및 항구 등 물류적 위치가 좋은 지역에 위치한 산업단지는 공급이 따라가지 못하고 있다.

베트남 제1 경제도시 호찌민시의 경우 동나이 등 인근 지역에 위치한 산업단지 수요가 급증하고 있다. 따라서 정부는 주변 지역에 산업단지 건설 프로젝트 계획을 세우고 투자자를 유치하고 있다.

항공 인프라도 한창 개발 중이다. 호찌민시의 대표 관문 탄손낫 국제공항은 오랫동안 수용능력을 훨씬 초과하여 운영되어 왔다.

당국은 서둘러 제2의 호찌민시 공항인 롱탄 공항을 건설하고 있는데 오는 2025년 완공될 예정이라고 밝혔다.",Good:3 Warm:0 Sad:0 Angry:7 Want:0,"베트남에 반도체나 첨단기술을 제공하면 안된다.
베트남 지금 미국에 환율 조작 국으로 분류되어 있다. 하는 짓이 중국과 완전 판박이 베트남에 공장 짓고 기술 알려달라 하고 안 알려주면 정부지원 끊고 알려주면 정부지원으로 자기들 기업 키워서 지금 자동차도 만들고 있다. 베트남이 중국이 하던 짓 그대로 하고 베트남은 중국의 홍콩사태를 지지하는 전 세계 몇 개 안 되는 나라 중 하나다. 베트남 가는 것들 정신 좀 차려라!! 중국도 베트남도 결국은 공산국가 가재는 개편이라더니 중국과 사이 안 좋은 상태에서도 중국 홍콩사태에서 중국을 지지하는 이상한 나라 ㅎㅎ
일본이 차관해줘서 10년전부터 건설하고 있는 호지민 지하지상철 1호선도 완공 계획년도를 거의 3년째 초과하고 언제 오픈할지도 모르는데 무슨 롱탕공항을 2025년까지 짓는다는 헛소리인지 기자양반은 베트남 현실을 파악하고 번역기사 쓰시길 이런 잘못된 기사로 가뜩이나 부화뇌동 한국기업들 바람넣어서 베트남가능성 있다고 투자했다가 실패할 수 도 있으니 신중허개 기사 쓰세요. 베트남도 중국 못지 않다네
필리핀, 미얀마가 더 신뢰할만한 파트너일듯
작은 중국.. 끝.
","2021-01-01T17:26:36+0900
2021-01-01T17:42:01+0900
2021-01-01T17:30:44+0900
2021-01-01T18:46:10+0900
2021-01-01T18:38:35+0900
","19
9
6
2
1
","2
1
1
0
0
",6
'이혼인가 독립인가'…희망과 우려 속 '진짜' 브렉시트 시작,20210101,뉴스1,https://n.news.naver.com/mnews/article/421/0005083531,"英, 12월31일 오후 11시부로 EU단일시장 및 관세동맹 이탈
영국을 상징하는 런던의 '빅벤' 시계탑이 영국의 EU단일시장 및 관세동맹 이탈 시점이 지난달 31일(현지시간) 오후 11시를 가리키고 있다. © AFP=뉴스1

(서울=뉴스1) 권영미 기자 = 영국이 지난달 31일(현지시간) 밤 유럽연합(EU)과 설정한 브렉시트(영국의 EU 탈퇴) 전환 기간을 끝내고 '진짜' 브렉시트를 맞았다.

지난 1973년 EU의 전신 유럽경제공동체(EEC) 가입 후 47년만, 그리고 2016년 국민투표를 통해 브렉시트를 결정한 지 4년 반 만의 일이다.

영국은 현지시간 지난달 31일 오후 11시(한국시간 1월1일 오전 8시) EU와 공식 결별했다. 보리스 존슨 영국 총리는 이에 대해 ""놀라운 순간""이라면서 EU 규정의 틀에서 벗어나 ""글로벌 영국""을 만들겠다고 다짐했다.

그는 자국이 앞으로 ""개방적이고, 관대하며, 나라 밖을 내다보고, 국제주의적이며 자유 무역주의적인"" 나라가 될 것이라며 ""우리 자유는 우리 손에 달려 있고, 이 자유를 최대한 활용하는 건 우리에게 달려 있다""고 강조했다.

앞서 영국과 EU는 수차례 합의시한을 연장한 끝에 맺은 이른바 'EU 탈퇴협정'을 바탕으로 작년 1월31일 오후 11시를 기해 브렉시트를 단행했으나, 이는 완전한 의미의 브렉시트가 아니었다. 브렉시트 이후 양측의 미래관계 설정과 실질적 제도 변화 등을 위한 1년간의 '전환기간'을 뒀기 때문이다.

게다가 영국과 EU 양측은 이 전환기간 동안에도 협상에 난항을 거듭, 최근까지도 '노딜'(no deal·합의 결렬)에 대한 우려가 컸다. 그러나 양측은 지난달 24일 상호 교역문제 등을 포함한 브렉시트 이후 미래관계에 대한 극적 합의에 이르렀고, 이를 바탕으로 영국은 EU단일시장과 관세동맹에서도 완전히 벗어나게 됐다.

지난달 31일(현지시간) 영국의 EU단일시장 및 관세동맹 이탈 직후 영국 도버항에서 한 화물 트럭이 국경 통과에 필요한 수속을 밟고 있다. © AFP=뉴스1

이에 따라 영국과 27개 EU 회원국들 간엔 우선 주민들의 '자유 이동'을 중단하는 조치가 취해진다. 영국과 유럽 대륙을 연결하는 관문 도버해협에 다시 국경검문소와 세관시설이 들어서게 되는 것이다.

이 때문에 일부 영국민들 사이에선 벌써부터 불만의 목소리도 나오고 있다. 영국이 EU에 속해 있을 땐 다른 회원국들로의 여행이나 물품 교역에 필요한 절차가 매우 단순했지만, 이젠 갖가지 서류를 준비해야 하는 만큼 그 속도가 더딜 것으로 예상되기 때문이다.

영국 내 일각에선 앞으로 EU 회원국과의 무역이 원활히 이뤄지지 않을 경우 식량이나 의약품 부족 사태를 겪을 수 있다는 우려도 제기되고 있다. 또 영국 어민들 사이에선 EU 회원국 선박들이 영국 주변 해역을 계속 이용할 수 있도록 한 협정 내용에 대한 불만도 감지된다.

이런 가운데 에마뉘엘 마크롱 프랑스 대통령은 ""영국은 계속 우리의 친구이자 동맹으로 남을 것""이라면서도 ""브렉시트는 많은 거짓말과 거짓 약속의 산물이었다""는 말로 아쉬움을 표했다. 마크롱 대통령은 그동안 브렉시트에 대해 반대 입장을 밝혀왔었다.

EU 측에서 브렉시트 협상을 이끌었던 미셸 바르니에 협상 대표도 ""그 누구도 내게 브렉시트에 어떤 부가 가치가 있는지를 보여주지 못했다""면서 ""이건 '이혼'이다. 이혼을 축하할 수는 없는 일""이라고 말했다.

한편 영국과 스페인 정부는 브렉시트 전환기간 종료를 앞두고 이베리아 반도 남단에 붙어 있는 영국 자치령 지브롤터에 대해선 전과 마찬가지로 스페인을 자유롭게 오갈 수 있도록 보장한다는 잠정 합의에 이르렀다고 밝혔다. 스페인과 지브롤터 사이에선 매일 1만여명의 현지 주민들이 출퇴근 등을 위해 오가는 것으로 알려져 있다.

ungaungae@news1.kr

▶ 네이버 메인에서 [뉴스1] 구독하기!
▶ 뉴스1&BBC 한글 뉴스 ▶ 터닝포인트 2021

© 뉴스1코리아(news1.kr), 무단 전재 및 재배포 금지",Good:8 Warm:1 Sad:0 Angry:0 Want:1,"존슨 총리가 자국이 앞으로 ""개방적이고, 관대하며, 나라 밖을 내다보고, 국제주의적이며 자유 무역주의적인"" 나라가 될 것이라 했다. -> 이게 싫어서 eu 탈퇴 결정한 거 아님?
댓글들 왜이리 심보가 배배꼬엿냐? ㅋㅋㅋ
","2021-01-01T23:58:52+0900
2021-01-03T03:36:35+0900
","1
0
","0
1
",6
"2020년 마지막날 VN지수 0.58% 상승, 1,103.87 마감..전년비 15%↑ '1100 돌파'",20210101,한국경제TV,https://n.news.naver.com/mnews/article/215/0000926473,"[사진 : vietstock]

2020년 마지막 거래일, 베트남 증시는 은행 종목들과 증권주가 계속해서 강세를 보인 장이었다.

12월 31일 VN지수는 전날보다 6.33포인트(0.58%) 오른 1,103.87포인트를 기록했고, 290개 종목 상승, 160개 종목 하락 및 67개 종목은 개장가로 마감했다.

사이공하노이증권(SHS), 사이공증권(SSI), 베트남 기술상업은행(TCB)은 5% 이상 급등하며 VN지수가 7포인트 상승 시키는 역할을 했다.

하노이증권거래소 HNX지수는 6.18포인트(3.14%) 오른 203.12포인트로 117개 종목 상승, 58개 종목 하락, 75개 종목은 개장가로 마감했다.

시장 유동성은 약 12조 9600억 동(VND)에 달했다.

2020년 VN지수는 코로나19 팬데믹으로 인한 부정적 영향 때문에 가장 낮았던 지난 1분기 하순에 비해 약 66% 상승했고, 2019년 말 대비 15% 증가를 기록하며 2020년 장을 마감했다.",Good:1 Warm:0 Sad:0 Angry:0 Want:0,,,,,0
"中, '바이든 취임' 전 유럽·아시아와 경제관계 강화 속도",20210101,뉴스1,https://n.news.naver.com/mnews/article/421/0005083415,"EU와 포괄적 투자협정 체결 합의 이어 ""한일 등과 새 협정 모색""
가오펑 중국 상무부 대변인. © 뉴스1

(서울=뉴스1) 권영미 기자 = 중국 정부가 조 바이든 미국 대통령 당선인 취임을 앞두고 유럽연합(EU)을 비롯한 주요 국가·지역과의 경제관계 강화에 힘쓰는 모양새다.

CNBC에 따르면 중국 정부는 지난달 30일(현지시간) EU와의 포괄적 투자협정 체결에 합의한 데 이어 아시아 국가들과도 새로운 무역협정을 체결하는 방안을 추진 중이다.

가오펑 중국 상무부 대변인은 당시 브리핑에서 ""한국·일본과 새로운 무역 협정을 맺을 계획이고, 싱가포르·칠레·뉴질랜드와는 기존 협정을 심화시키고 싶다""고 말했다.

이에 대해 전문가들은 ""중국이 바이든 당선인 취임 전에 다른 나라들과도 무역협정을 체결함으로써 무역상대국을 다변화하고, 또 바이든 정부의 관련 정책에도 대비하고자 한다""는 분석을 내놓고 있다.

도널드 트럼프 미 대통령은 그동안 중국뿐만 아니라 유럽 국가들과도 무역마찰을 빚어왔으나, 바이든 당선인은 이들 유럽 국가들과의 '동맹' 관계를 중시하는 것으로 알려져 있다.

이 때문에 중국 정부가 지난 7년 간 계속돼온 EU와의 투자협정 협상을 서둘러 마무리했다는 관측도 나오고 있다.

지난 2014년 시작된 중국과 EU의 투자협정 협상은 작년 11월 미 대통령선거를 앞두고 중단됐다가 최근 재개됐다.

이번 협정에 따라 EU 회원국의 기업들은 앞으로 전기자동차, 개인 병원, 부동산, 광고, 해양 산업, 통신 클라우드 서비스, 항공 예약 서비스 등의 분야에서 중국 당국으로부터 영업 허가를 받을 수 있게 됐다.

CNBC는 ""유럽 기업들이 미국 기업보다 중국에서 좀 더 유리한 투자환경을 갖게 됐다""고 분석했다.

중국 정부는 작년 11월 한국·일본 등 14개국과 역내포괄적경제동반자협정(RCEP)을 체결했다.

ungaungae@news1.kr

▶ 네이버 메인에서 [뉴스1] 구독하기!
▶ 뉴스1&BBC 한글 뉴스 ▶ 터닝포인트 2021

© 뉴스1코리아(news1.kr), 무단 전재 및 재배포 금지",Good:2 Warm:0 Sad:0 Angry:11 Want:0,"짱깨는 공공의 적
한번 속으면 속인 놈이 나쁜X이고, 두번 속으면 속은 사람이 바보, 세 번 속으면 공범임 ㅋ
","2021-01-01T15:23:30+0900
2021-01-01T15:34:10+0900
","18
3
","0
0
",4
"각국 정상 ""2021년은 코로나 극복하는 희망의 해""",20210101,시사저널,https://n.news.naver.com/mnews/article/586/0000019709,"신년사 통해 코로나 방역 당국 관계자 감사의 말 전해

시진핑 중국 국가주석이 베이징에서 2021년 새해 신년사를 발표하고 있다. ⓒ연합포토


세계 각국 정상들이 코로나19(신종 코로나바이러스 감염증)로 지친 국민들에게 위로를 전하는 말로 새해 인사를 건넸다.

시진핑 중국 국가주석은 2020년의 마지막 날인 12월31일 오후 7시(현지시간) CCTV 등 중국 관영 매체에 나와 ""2020년은 정말 평범하지 않은 한 해였다""며 ""갑자기 나타난 코로나19에 직면해 우리는 인민과 생명을 최우선으로 하는 인류애로 끈질기게 전염병과 싸우는 서사시를 썼다""고 말했다. 이어 시 주석은 ""코로나19의 어려움을 극복하고 중국이 세계 주요국 가운데 먼저 플러스 경제성장률을 달성할 것""이라면서 중국공산당 창당 100주년이 되는 올해 '사회주의 현대화 국가 건설'에 주력할 뜻을 내비쳤다.

에마뉘엘 마크롱 프랑스 대통령도 같은 날 TV 신년사를 통해 ""희망은 남아 있고 희망은 영원하다""면서 코로나19로 지친 프랑스 국민들을 위로했다. 그러면서 전염병 기간 동안 지치지 않고 다른 이들을 위해 애쓴 군인, 방역당국 관계자들에게 위로의 말을 전했다. 어제를 끝으로 유럽연합을 떠난 영국을 향해서도 아쉬움을 표했다. 마크롱 대통령은 ""유럽연합을 떠나더라도 영국은 우리의 친구이자 동맹으로 남을 것""이라고 말했다.

내달 물러나는 트럼프 ""미국 경제 회복은 내 덕""

블라디미르 푸틴 러시아 대통령은 2020년 마지막 날 러시아 극동에 위치한 캄차카와 추 코트 카 자치구 주민들에게 처음 공개한 신년사에서 ""지난해는 우리 모두가 사랑하는 가족을 잃고 경제적 어려움에 처하는 등 수년간의 어려움이 한꺼번에 몰아친 해였다""면서 코로나19로 사랑하는 친구, 가족들을 만나지 못하는 환자, 의료인, 방역당국자들에게 위로와 감사의 마음을 표했다.

보리스 존슨 영국 총리는 브렉시트를 걱정하는 영국 국민들에게 ""우리의 자유는 우리 손에 있다""며 자신감을 내비쳤다. 존슨 총리는 지난해 코로나19로 지친 영국 국민들에게 위로의 말을 전하면서 ""지난해는 우리의 공동체 정신을 재발견한 해""라면서 ""2021년은 영국민 모두가 정상적인 삶으로 돌아가는 해가 될 것""이라고 기대했다.

올 초 임기기 끝나는 도널드 트럼프 미국 대통령도 12월31일(현지시간) 자신의 트위터에 올린 4분45초 분량의 화상 연설을 통해 ""2020년에 우리는 함께 누구도 가능하다고 생각지 못 한 진정한 역사적 승리를 거뒀다""면서도 ""팬데믹 전 우리는 전 세계 역사상 가장 위대한 경제를 이룩했다""며 자화자찬으로 신년사를 마무리했다.

송창섭 기자 realsong@sisajournal.com
<저작권자 ⓒ 시사저널, 무단 전재 및 재배포 금지>

☞ 네이버에서 시사저널 뉴스를 받아 보세요


▶ 시사저널 최신호 보기",Good:1 Warm:0 Sad:0 Angry:7 Want:0,"악마 같은 놈!!!
중국의 코로나 극복 새해인사가 메인이라니... 글쎄....
이기사는 어떤 중국놈 기사야?
짱깨와 트럼프의 헛소리는 듣기도 싫다.
","2021-01-01T13:52:01+0900
2021-01-01T12:44:16+0900
2021-01-02T02:06:36+0900
2021-01-01T17:43:29+0900
","5
3
0
0
","1
1
0
0
",8
"""2021년 세계 경제성장률 5.2%…한국 3.2%, 중국 8.2%""",20210101,디지털타임스,https://n.news.naver.com/mnews/article/029/0002646342,"블룸버그, 37개 기관 예상치 집계

골드만삭스 6.3% 전망…무디스는 4.5% 예상

세계 경제가 새해에는 충격에서 벗어나면서 강한 회복세를 보일 것으로 전망되고 있다.

1일 블룸버그가 주요 투자은행(IB)과 경제연구소 등 37개 기관의 전망치를 집계한 결과 올해 국내총생산(GDP) 기준 세계 경제의 성장률은 평균 5.2%로 예상됐다.

지난해 코로나19 여파로 세계 경제가 -3.8%의 역성장을 기록한 것으로 추정되는 데 따른 기저 효과로 올해 성장률이 이례적으로 높은 수준을 보일 것으로 기대되는 셈이다.

골드만삭스의 올해 세계 경제 성장률 전망치가 6.3%로 가장 높다. 골드만삭스는 최근 보고서에서 코로나19 백신의 대량 보급, 완화적인 통화정책 등을 반영해 이같이 전망한다고 밝힌 바 있다.

또 UBS(6.1%), 도이체방크·웰스파고(각 5.9%), JP모건(5.8%) 등의 전망치도 높은 편이다.

무디스(4.5%)나 크레디트스위스(4.1%), ING그룹(4.0%) 등은 4%대의 성장률을 제시했다.

이들 기관이 전망한 한국의 올해 경제 성장률은 평균 3.2%로 집계됐다. 이는 한국 정부가 최근 제시한 전망치와 같은 수준이다.

전망기관별로는 무디스(4.7%), 모건스탠리(4.2%) 등 24곳이 3.2% 이상의 성장률을 예상했다.

반면 HSBC(2.2%), ING(2.4%) 등 18곳은 한국 경제가 이보다 낮은 성장률을 보일 것으로 내다봤다.

주요국 가운데는 중국의 올해 성장률 전망치가 평균 8.2%로 가장 높고 프랑스(6.1%), 영국(5.4%), 프랑스(6.1%), 독일(4.0%) 등도 한국보다 높은 성장률을 기록할 것으로 예상됐다. 일본의 성장률 전망치는 평균 2.7%로 집계됐다.

블룸버그가 주요 애널리스트의 전망치를 취합한 결과 올해 미국의 기준금리는 현 수준(0.00∼0.25%)을 유지하고 내년 2분기에야 상향 조정될 것이라는 의견이 압도적으로 많았다. 김광태기자 ktkim@dt.co.kr

디지털타임스 채널 구독 / 뉴스스탠드 구독
디지털타임스 홈페이지 바로가기",Good:1 Warm:1 Sad:0 Angry:26 Want:0,"췁췁이 패밀리 밥먹다가 심정지와서 세상 떠났으면 좋겠다
'수출 한국'의 힘...1인당 국민소득, 'G7' 伊 제친다.. 🤗
세계5.2인데 한국3.2ㅋㅋㅋㅋㅋ 부끄럽다 부끄러워 ㅋㅋㅋㅋㅋㅋ
기사 대충 쓰지 마세요! 제발!
다른 나라는 작년 마이너스 성장율이니 금년은 높아지는게 당연하고, 우리나라는 선방했으니작년비교해서 그리 높게 안나온건 당연한게 아닌가...
","2021-01-01T14:01:38+0900
2021-01-01T15:34:46+0900
2021-01-01T16:25:46+0900
2021-01-01T15:19:49+0900
2021-01-01T19:10:33+0900
","18
5
6
2
1
","5
1
4
0
0
",14
지난해 수출 5128억5000만 달러…전년보다 5.4%↓,20210101,데일리안,https://n.news.naver.com/mnews/article/119/0002456919,"코로나 펜데믹에도 선방…하반기 고른 성장세로 하락폭 줄여
성윤모 장관 ""고부가가치 상품 최고실적…질적 성장 이뤄냈다""
2020년 수출입 실적 ⓒ산업통상자원부
지난해 수출이 5128억5000만 달러를 기록한 것으로 나타났다. 전년보다 5.4% 줄어든 금액이다. 신종 코로나바이러스 감염증(코로나19) 여파로 시작부터 쉽지 않았다.

그러나 하반기 반도체와 디스플레이, 휴대폰 등 정보통신기술(ICT) 수출 호조와 자동차 등 제조업 회복으로 펜데믹으로 인한 피해를 최소화했다는 평가다.

1일 산업통상자원부가 내놓은 ‘2020년 수출입 동향’에 따르면 연간 총 수출액은 4년 연속 5000억 달러를 돌파했다. 무역수지 흑자규모는 전년대비 17.3% 증가(456.2억달러)한 것으로 집계됐다.

산업부는 “연 수출은 감소했지만 4분기 수출(4.2%↑)과 하반기 수출(0.4%↑)이 각각 2년 만에 플러스로 전환하는 등 3분기 이후 뚜렷한 회복세를 보였다”며 “주요국 수출이 동반 부진한 가운데 우리 수출은 상대적으로 선전했다”고 분석했다.

세계무역기구(WTO) 통계에 따르면(2020년 1~10월 누계) 수출 증감률면에서 우리나라는 10대 수출국 중 홍콩·중국·네덜란드에 이어 4번째로 양호(플러스 또는 한자리 감소국은 4개국뿐)했다.

또 2000년 이후 글로벌 교역이 감소한 4차례 기간 중(2001, 2009, 2019, 2020년) 올해 처음으로 우리 수출실적이 글로벌 교역실적을 상회했다.

반도체·컴퓨터·바이오헬스·이차전지 등 주력 품목 선전도 눈에 띈다. 반도체는 지난해 991억8000만 달러(5.6%↑)를 기록했는데, 이는 역대 두 번째 실적(1위 2018년 1267억 달러)이다.

컴퓨터는 지난해 최고의 한 해를 보냈다. 단 한 번도 하향곡선을 그리지 않았다. 연속 증가는 15개월로 늘렸다. 전년대비 57.2% 증가는 1999년 이후 최고증가율이다.

바이오헬스 역시 11년 연속 증가라는 대업을 달성했다. 사상 첫 100억 달러 돌파로 이뤄냈다. 올해 처음으로 10대 품목에 진입하는 겹경사도 누렸다.

이밖에 이차전지는 5년 연속 증가, 5년 연속 연간 최고액 경신(75억1000만 달러)을 일궈냈다. 시스템반도체, 진단키트, 친환경차(전기차+수소차), 화장품, 농수산식품 등 신(新)성장수출품목 모두가 연간 최고 수출실적을 내며 하락폭을 줄이는데 동참했다.

성윤모 산업통상자원부 장관은 “지난해 우리 수출은 글로벌 교역 감소와 주요국들의 경기부진 등으로 감소하긴 했지만 어려운 여건 속에서도 새로운 희망을 본 한해였다”며 “2분기 수출이 마이너스 20%까지 하락하는 등 위기가 있었지만 수출회복 시스템이 효과적으로 작동하며 4분기와 하반기 수출은 2년 만에 플러스로 반등했다”고 언급했다.

성 장관은 이어 “여기에 시스템반도체, OLED, 진단키트, 친환경차 같은 고부가가치상품들이 연간으로 역대 최고실적을 기록하는 등 질적 성장을 이뤄낸 것도 의미가 있다”며 “중소기업 수출 비중이 확대되고 중소기업 중심 화장품, 농수산식품 같은 유망 소비재 품목들도 연간 최고실적을 달성하는 등 수출 저변이 확대되고 있는 점도 긍정적”이라고 평가했다.

한편 12월 수출은 514억1000만 달러(12.6%↑), 수입 444억6000만 달러(1.8%↑), 무역수지는 69억4000만 달러로 8개월 연속 흑자를 보였다.

12월 수출은 2개월 연속으로 총수출(12.6%), 일평균 수출(7.9%) 모두 증가했다. 총수출 2개월 연속 증가는 25개월 만이다. 총수출 두 자릿수 증가는 26개월 만에 처음이다.

또 25개월 만에 수출액 500억 달러 돌파도 이뤄냈다. 지난 2018년 11월 이후 명맥이 끊겼던 500억 달러 돌파를 마지막 달 이뤄낸 것이다.

산업부는 “12월 수출액(514억1000만 달러)은 역대 6번째로 높은 월 실적”이라며 “역대 12월 수출액 중 사상 최고치(이전 기록 204년 12월, 495억 달러)다”라고 말했다.

12월 수출이 호조를 보인 것은 15대 품목 중 11개가 플러스를 보였기 때문이다. 여기에 비대면 경제 활성화로 IT 품목 호조세도 수출 증가에 한 몫을 담당했다. 특히 디스플레이는 올해 월 수출액 최고치 경신(21억1000만 달러), 무선통신기기는 5년 2개월 만에 최고 증가율 기록(39.8%)했다.

성 장관은 “새해에도 온라인 마케팅 지원, 무역금융 공급, 물류 애로해소 등 우리 기업들의 수출활력 회복을 위한 최선의 지원책을 아끼지 않을 계획”이라며 “아울러 한국형 온라인 플랫폼 구축, 마케팅·금융·결재·물류 등 수출 전과정 디지털화를 통한 중소 수출기업 양성 등 무역구조 혁신적 전환도 함께 추진할 예정”이라고 강조했다.

데일리안 배군득 기자 (lob13@dailian.co.kr)

▶ 데일리안 네이버 구독하기
▶ 제보하기

ⓒ (주)데일리안 - 무단전재, 변형, 무단배포 금지",Good:5 Warm:0 Sad:0 Angry:0 Want:0,,,,,0
"스가 일본 총리 ""도쿄올림픽 반드시 성공 개최 하겠다""",20210101,이데일리,https://n.news.naver.com/mnews/article/018/0004819296,"“올림픽 세계 단결하는 대회로 개최할 것""
외교 정책 “이웃 국가와 안정적 관계 구축""
[이데일리 김성훈 기자] 스가 요시히데(菅義偉) 일본 총리가 도쿄올림픽을 성공적으로 개최하겠다는 의지를 피력했다.

스가 요시히데(菅義偉) 일본 총리가 지난 14일 오후 일본 총리관저에서 기자들의 취재에 응하고 있다. (사진=연합뉴스)
교도통신과 마이니치신문 등 일본 언론에 따르면 스가 총리는 이날 발표한 연두소감(年頭所感)을 통해 “올림픽을 세계 단결의 상징이 되는 대회로 개최하겠다”며 이같이 밝혔다.

지난해 7월 열릴 예정이던 도쿄올림픽은 코로나19 확산 여파로 올해 7월로 1년 연기됐다. 일본 정부와 국제올림픽위원회(IOC)는 도쿄올림픽 개최 의지를 내비치고 있지만 코로나19 확산세가 멈추지 않아 도쿄올림픽이 올해 열릴 수 있을지를 두고 회의적인 시각도 만만치 않은 상황이다.

스가 총리는 안전하고 안심할 수 있는 올림픽을 실현하기 위해 확실히 준비하겠다는 뜻을 밝혔다. 그는 “더 이상의 코로나19 확산을 막아 국민의 생명과 생계를 지켜내겠다고 굳게 다짐한다”고 강조했다.

스가 총리는 외교 정책과 관련해서는 “미일 동맹을 기축으로 가까운 이웃 국가들과 안정적인 관계를 구축하겠다”고 말했다. 다만 전임자인 아베 신조(安倍晋三) 전 총리가 지난해 연두소감에서 밝힌 헌법 개정에 대해서는 언급하지 않았다.

이날 나루히토(德仁) 일왕 부부도 코로나19 확산 여파로 매년 고쿄(皇居)에서 열리던 새해 국민 초대 행사가 취소되자 대국민 영상메시지를 발표했다.

나루히토 일왕은 “코로나19가 수습돼 다시 여러분을 직접 만날 수 있는 날을 마음속으로 기다리고 있다”며 “올해는 여러분에게 희망을 품고 걸어갈 수 있는 해가 되기를 진심으로 기원한다”고 밝혔다.

김성훈 (sk4he@edaily.co.kr)

▶ #24시간 빠른 #미리보는 뉴스 #eNews+
▶ 네이버에서 '이데일리 뉴스'를 만나보세요
▶ 빡침해소, 청춘뉘우스 '스냅타임'


＜ⓒ종합 경제정보 미디어 이데일리 - 무단전재 & 재배포 금지＞",Good:2 Warm:0 Sad:0 Angry:10 Want:0,"동네 운동회나 하다가 집단 코로나나 걸려라. 올림픽은 이미 취소됐다.
남의 나라 일이지만 미친 것 같다...올림픽이 뭐길래...
하하하하~!!! 스가 이친구도 재미있는 친구군,,,~!!! 아베와 막상막하의 개그맨이내....~!!! 푸하하하하하~!!!
ㅎㅎ 국민들을 속이네 불가능한데~~ 지역예선도 못하고 각국이 선수선발전도 연습도 못하는데~~ 온라인으로 개최 ㅎㅎ
","2021-01-01T11:11:22+0900
2021-01-02T03:38:23+0900
2021-01-02T03:15:34+0900
2021-01-02T01:28:34+0900
","7
1
1
1
","0
0
0
0
",20
비트코인 새해 첫날부터 또 최고치…기관 `버팀목` 역할,20210101,이데일리,https://n.news.naver.com/mnews/article/018/0004819287,"비트코인 원화값 3270만원 넘어, 달러론 2만9340달러
12월에만 50% 가까이 올라 1년 반만에 월간 최고수익
밴에크, 미 SEC에 비트코인 ETF 출시 재차 신청


[이데일리 이정훈 기자] 지난해 주요 투자자산들 가운데 최고의 수익률을 기록하며 역사상 최고치를 경신했던 비트코인이 2021년 새해 첫날부터 또다시 최고치를 새로 쓰는 랠리를 이어가고 있다.

1일 국내 대표 가상자산 거래소인 빗썸에 따르면 이날 오전 10시20분 현재 비트코인 가격은 24시간 전에 비해 2% 이상 상승하며 장중 한때 사상 처음으로 3270만원을 뚫어냈다.

달러화로 거래되는 주요 거래소 시세를 평균한 코인마켓캡에서도 같은 시각 24시간 전에 비해 0.3% 정도 오른 2만9340달러를 기록 중이다.

지난해 12월에만 50% 가까이 급등하며 지난 2019년 5월 이후 월간 최고 상승률을 기록한 비트코인의 시가총액은 5458억달러대까지 늘어났다.

홍콩 대표 가상자산 중개업체인 OSL의 맷 롱 대표는 “이번 랠리의 핵심은 이 오름세가 몇 주간 계속 이어지고 있다는 것”이라며 “기관투자가들이 조정 때마다 저가 매수에 가담하고 있는 만큼 이 상승세가 꺾인다면 오히려 1분기 흐름에 좋을 수도 있다”고 말했다.

이 같은 투자자들의 관심에 자산운용사들이 또다시 비트코인 상장지수펀드(ETF) 출시를 준비하고 있다는 점도 호재로 받아들여지고 있다.

실제 최근 몇년간 비트코인 ETF 출시에 실패했던 밴에크어소시에이츠는 다시 미 증권거래위원회(SEC)에 비트코인 ETF인 ‘밴에크 비트코인 트러스트’ 출시 신청을 했다.

이정훈 (futures@edaily.co.kr)

▶ #24시간 빠른 #미리보는 뉴스 #eNews+
▶ 네이버에서 '이데일리 뉴스'를 만나보세요
▶ 빡침해소, 청춘뉘우스 '스냅타임'


＜ⓒ종합 경제정보 미디어 이데일리 - 무단전재 & 재배포 금지＞",Good:5 Warm:0 Sad:0 Angry:3 Want:1,"혹시 비트코인 400만원대 판 인간 열받겠다
새해부터 고맙다!!!!
16비트 알라딘 컴퓨터야..이거 누가 만든겨.. 복잡하게..ㅋ
","2021-01-01T16:13:51+0900
2021-01-01T15:32:40+0900
2021-01-01T11:37:28+0900
","1
1
0
","0
0
0
",3
"3만달러 넘보는 비트코인…""조만간 ETF 나올 듯""",20210101,한국경제,https://n.news.naver.com/mnews/article/015/0004476695,"뉴욕 반에크, 비트코인 ETF 서류 제출
""가상화폐 인식 바뀌었다"" 승인 가능성

비트코인 가격, 현재 2만9200달러 선
가상화폐의 대장주인 비트코인이 미국의 주류 금융시장에서 실제 자산으로서의 역할을 할 수 있을 것이란 관측이 제기되고 있다. 비트코인 기반의 상장지수펀드(ETF)가 조만간 등장할 가능성이 있어서다.

31일(현지시간) 블룸버그에 따르면 뉴욕 자산운용사인 반에크 어소시에이츠가 비트코인 가격과 연계된 ETF 설립을 추진 중이다. 이 회사는 최근 미 증권거래위원회(SEC)에 비트코인 ETF의 신상품 승인을 요청하는 서류를 제출했다.

SEC 승인을 따내면 최초의 비트코인 ETF가 탄생하게 된다. 반에크는 종전까지 두 차례 승인을 요청했으나 모두 거부됐다.

이번엔 분위기가 다를 것이란 게 반에크 측 기대다. 기관투자자들이 비트코인을 대량 매집했을 정도로 가상화폐에 대한 인식이 바뀌었기 때문이다.

미 대형 보험회사인 매스뮤추얼은 1억달러 규모의 비트코인을 사들였고, 유수의 투자사나 전문가들도 매집에 나서고 있다. 그동안 가상화폐에 비판적이던 제이 클레이튼 SEC 위원장이 작년 말 사임한 것도 반에크 측엔 호재다.

비트코인은 지난 1년 간 4배 넘게 급등했다. 미국에선 현재 개당 2만9200달러 선에서 움직이고 있다. 비트코인이 ETF 설립을 통해 실제 ‘자산’ 가치를 인정 받을 경우 더 관심을 끌 것이란 관측이 나온다.

블록체인 조사·연구기관인 블록리서치가 작년 말 가상화폐 업계 관계자들을 대상으로 설문조사한 결과, 응답자 중 51.3%가 “SEC가 비트코인 ETF 승인을 내줄 것”이라고 전망했다. 1년 전 같은 조사에선 77.4%가 “승인 받기 어려울 것”이라고 답했다.

뉴욕=조재길 특파원 road@hankyung.com



▶ 경제지 네이버 구독 첫 400만, 한국경제 받아보세요
▶ 한경 고품격 뉴스레터, 원클릭으로 구독하세요
▶ 한국경제신문과 WSJ, 모바일한경으로 보세요

ⓒ 한국경제 & hankyung.com, 무단전재 및 재배포 금지",Good:82 Warm:6 Sad:2 Angry:44 Want:3,"우시민: 국밥한그릇 주세요. ...저기 비트코인으로 결제 될까요?
댓글반응보아하니 대세상승 초입부분이네
","2021-01-01T10:50:14+0900
2021-01-01T10:53:48+0900
","77
59
","7
16
",127
"뉴욕증시 사상 최고치 2020년 마감, 나스닥 43.6% 급등",20210101,스포츠서울,https://n.news.naver.com/mnews/article/468/0000729486,"뉴욕증권거래소. 로이터연합뉴스.

[스포츠서울 이웅희기자] 미국 뉴욕증시가 사상 최고치 기록으로 2020년을 마무리했다.

31일(현지시간) 뉴욕증시의 다우존스30 산업평균지수는 전장보다 196.92포인트(0.65%) 오른 30,606.48에 장을 마쳤다. 스탠더드앤드푸어스(S&P)500 지수는 24.03포인트(0.64%) 상승한 3,756.07에, 기술주 중심의 나스닥 지수는 18.28포인트(0.14%) 상승한 12,888.28에 각각 거래를 마감했다.

다우 지수와 S&P500 지수는 최고점을 갈아치웠고, 나스닥 지수도 종가 기준으로 며칠 전 세운 역대 최고 기록에 근접한 수준이다. 올해 전체로 나스닥 지수가 2009년 이후 최대폭인 43.6% 폭등했고, 다우 지수와 S&P500 지수는 각각 7.3%, 16.3% 올랐다. 특히 S&P500 지수는 코로나19 사태로 지난 3월 역대 최단기간 30% 폭락 기록을 세웠지만, 결과적으로 큰 폭의 연간 상승률을 기록했다.

코로나19의 국제적 확산하기 시작점인 지난 2∼3월 떨어지던 뉴욕증시는 대규모 부양책과 대형 기술주들의 선전에 힘입어 빠른 속도로 회복했다. 코로나19 사태 악화에도 백신 접종이 시작되고 추가 부양 협상이 타결돼 연말 주요 지수는 연일 신고점을 경신했다.
iaspire@sportsseoul.com


[기사제보 news@sportsseoul.com]
Copyright ⓒ 스포츠서울&sportsseoul.com",Good:1 Warm:0 Sad:0 Angry:0 Want:0,,,,,0
2020 뉴욕증시 '역대 최고치' 피날레···다우·S&P도 신기록 썼다,20210101,서울경제,https://n.news.naver.com/mnews/article/011/0003850198,"코로나 사태로 폭락 후 '급반등'
年 기준 나스닥 44%↑, S&P500 16%↑
/AFP연합뉴스

[서울경제] 2020년 미국 뉴욕증시가 31일(현지시간) 사상 최고치 기록을 갈아치우며 화려한 피날레를 장식했다. 지난해 뉴욕증시는 신종 코로나바이러스 감염증(코로나19) 대유행 사태로 추락한 뒤 기록적인 수준의 반등을 기록하며 롤러코스터를 탔다.

이날 뉴욕증시에서 다우존스30 산업평균지수는 전장보다 196.92포인트(0.65%) 오른 30,606.48에 장을 마쳤다. 스탠더드앤드푸어스(S&P)500 지수는 24.03포인트(0.64%) 상승한 3,756.07에, 기술주 중심의 나스닥 지수는 18.28포인트(0.14%) 상승한 12,888.28에 2020년을 마무리했다.

다우 지수와 S&P500 지수는 최고점을 갈아치웠다. 나스닥 지수도 종가 기준으로 며칠 전 세운 역대 최고 기록에 근접했다. 2020년 연간으로는 나스닥 지수가 지난 2009년 이후 최대폭인 43.6% 폭등했다. 다우와 S&P500 지수는 각각 7.3%, 16.3% 올랐다. 특히 S&P500의 경우 코로나19 사태로 지난 3월 역대 최단기간 30% 폭락 기록을 세웠다가 결과적으로 큰 폭의 연간 상승률을 기록한 것이다.

공화당이 상원에서 대국민 지원금 증액에 제동을 걸었음에도 결국은 추가 재정부양안이 통과될 것이란 기대감이 팽배한 데다 이날 발표된 지난주 신규 실업수당 청구 건수가 시장 전망치를 하회한 것도 투자 심리에 긍정적 영향을 미쳤다.

코로나19가 국제적으로 확산하기 시작한 지난 2∼3월 속절없이 떨어지던 뉴욕증시는 대규모 부양책과 대형 기술주들의 선전에 힘입어 빠른 속도로 회복했다. 미 의회가 지난 3∼4월 2조 달러가 넘는 막대한 재정부양안을 통과시킨 가운데 중앙은행인 연방준비제도(Fed·연준)도 시중에 어마어마하게 유동성을 풀면서 투자심리가 살아나기 시작한 것이다. 그 결과 각종 ‘셧다운’ 조치의 영향을 상대적으로 덜 받거나 오히려 반사이익을 누린 주요 IT 기업들이 투자금을 빨아들이면서 증시 회복을 견인했다. 덕분에 연간 기준으로 애플은 81%, 아마존은 76%, 마이크로소프트는 41%, 페이스북은 33% 각각 급등했다고 CNBC 방송이 전했다.

겨울철 들어 다시 코로나19 사태가 악화했으나, 백신 접종이 시작되고 추가 부양 협상이 타결되면서 연말에 주요 지수는 연일 신고점을 경신했다. 앞으로 실물 경제가 본격적으로 회복되고 백신이 상용화하면 내년에도 증시는 꾸준히 상승세를 유지할 가능성이 크다는 게 월스트리트의 대체적인 예상이다. 그러나 올해만큼 큰 폭으로 오르기는 어렵다는 시각이 우세하고, 일각에서는 주가가 과도하게 오르고 있다는 ‘거품론’도 제기하고 있다.
/김경림기자 forest03@sedaily.com

▶ 엄마 기자 취재수첩 [서지혜의 건강한 육아]
▶ 中투자 알짜정보만 쏙쏙 [니하오 중국증시]
▶ 네이버 채널에서 '서울경제' 구독해주세요!


저작권자 ⓒ 서울경제, 무단 전재 및 재배포 금지",Good:50 Warm:2 Sad:1 Angry:11 Want:3,"주식은 아무도 몰라?코로나 종식되면 하락할수도?
2023년부터 5000만원 이상 수익에서 세금 22프로 땐단다
코스피 상승하니까 이젠 세금을 많이 때어간단다 공매도나 패지하고 때어가든지 개미는 이래도 저래도 봉봉이야 ㅠㅠ
갈놈들 다갔다 공매도 부활 다가온다 계속가면 그게 주식이냐
","2021-01-01T10:10:10+0900
2021-01-01T10:10:36+0900
2021-01-01T10:15:55+0900
2021-01-01T10:17:03+0900
","42
32
20
10
","6
7
12
5
",26
"英브렉시트, 이젠 진짜 '현실'…EU와 47년 동거 완전히 끝나",20210101,이데일리,https://n.news.naver.com/mnews/article/018/0004819220,"존슨, 신년사서 ""브렉시트 완수…드디어 자유""
'합의 이혼' 성공했지만 당분간 혼란 불가피할듯
없던 통관·검역 절차 생기고 금융부문 추가 협상 필요
자유로운 이동도 제한…의료 등 각종 무료 혜택 상실
보리스 존슨 영국 총리. (사진=AFP)
[이데일리 방성훈 기자] 영국이 유럽연합(EU)에서 완전히 탈퇴하는 ‘진짜’ 브렉시트가 31일 오후 11시(그리니치표준시·GMT), 한국시간으로는 2021년 1월 1일 오전 8시를 기점으로 ‘현실’이 됐다. 이로써 영국은 1973년 EU의 전신인 유럽경제공동체(EEC)에 가입한지 47년 만, 2016년 6월 브렉시트를 결정한 국민투표 이후로는 4년 반 만에 ‘합의 이혼’을 통해 EU를 떠나게 됐다.

보리스 존슨 영국 총리는 이날 신년사를 통해 “브렉시트를 완수하고 드디어 자유를 손에 넣었다”며 “이제 이 위대한 나라의 운명은 우리 손에 달려 있다. 브렉시트는 끝이 아니라 새로운 시작”이라고 강조했다.

BBC방송 등 영국 언론들을 비롯한 주요 외신들도 이날 오후 11시를 기점으로 영국과 EU 간 설정한 브렉시트 전환기간이 종료됐다고 보도했다. 앞서 영국 하원은 지난달 30일 찬성 521 대 반대 73으로 EU 미래관계 법안을 통과시켰고, 다음날 상원도 이 법안을 통과시키며 영국에선 브렉시트 절차가 마무리됐다.

영국은 지난 2016년 6월 23일 전 국민을 대상으로 브렉시트 찬반 투표를 진행했다. 투표에 참여한 유권자 72.2% 중 51.9%가 찬성표를 던지면서 브렉시트가 확정됐다. 이후 영국 정부는 2017년 3월 29일 EU의 헌법과 같은 리스본조약 50조를 발동해 탈퇴 절차를 개시했고, 당시 테리사 메이 전 영국 총리가 2018년 11월 EU와 브렉시트 합의에 도달했지만, 영국 의회 인준에 가로막히자 사퇴했다.

후임으로 취임한 존슨 총리는 EU와 협의 기간을 연장해 가면서 이혼 조건 협의를 진행했고, 결국 2019년 10월 EU 탈퇴 협정을 체결했다. 협정에 따라 영국은 2020년 1월 31일 EU에서 공식 탈퇴했다. 다만 같은해 말까지 전환기간을 두고 EU 단일시장에 남아 회원국 대우를 받으며 새로운 미래관계 협상을 진행키로 했다. 지난 한 해 동안 영국과 EU가 논의한 게 이 미래관계 협상이다.

지난달 중순까지만 해도 어업 부문 등에 이견을 보이며 노딜 브렉시트로 귀결되는 것이 아니냐는 우려가 나왔지만, 전환기간 종료를 일주일 앞두고 양측은 크리스마스 이브인 12월 24일 극적 타결했다. 30~31일 영국 의회의 미래관계 협상안에 대한 비준 동의까지 마무리되며 브렉시트 절차도 사실상 마무리됐다.

EU의 비준 동의가 남아 있긴 하지만 단지 전환기간이 얼마 남지 않은 상황에서 최종 합의가 이뤄져 지연되고 있을 뿐이다. 이에 따라 1월 1일부터 합의 내용을 임시 적용하고, 추후 비준을 통해 협상 발효에 따른 공백을 메운다는 방침이다.

양측이 합의한 미래관계 협상에 따르면 영국은 EU와의 상품 무역에서 무관세·무쿼터를 유지한다. 다만 초기에는 일정 기간 혼란이 불가피할 전망이다. 기존에 없었던 통관·검역 절차가 추가되는데다, 은행·회계 등 금융서비스 부문은 별도 협의가 필요하기 때문이다.

영국과 EU 간 자유로운 이동도 더이상 보장되지 않는다. 영국인이 EU에서 90일 넘게 체류하려면 별도의 비자를 받아야 한다. EU 시민 역시 경우에 따라 180일 이상 영국에서 체류할 경우 별도 비자가 필요하다.

또 EU 회원국을 여행하는 영국인들은 더이상 무료 의료서비스를 받을 수 없고 휴대전화 무료 로밍 혜택도 사라진다. EU 고등법원인 유럽사법재판소(ECJ)의 판결은 더이상 영국에서 효력을 갖지 않는다. 영국과 EU 간 분쟁이 생길 경우 독립된 재판소로 회부될 예정이다.

방성훈 (bang@edaily.co.kr)

▶ #24시간 빠른 #미리보는 뉴스 #eNews+
▶ 네이버에서 '이데일리 뉴스'를 만나보세요
▶ 빡침해소, 청춘뉘우스 '스냅타임'


＜ⓒ종합 경제정보 미디어 이데일리 - 무단전재 & 재배포 금지＞",Good:2 Warm:0 Sad:2 Angry:2 Want:0,"어떤 결정이 맞는지는 두고봐야알것.
우리도 대륙으로부터 코렉시트
","2021-01-01T09:18:34+0900
2021-01-01T10:57:49+0900
","3
1
","0
1
",9
"'아듀 2020' 뉴욕증시, 사상최고 마감..나스닥 연간 43%↑",20210101,아시아경제,https://n.news.naver.com/mnews/article/277/0004820890,"[아시아경제 뉴욕=백종민 특파원] 미국 뉴욕증시 3대지수가 신종코로나바이러스감염증(코로나19) 사태에도 사상 최고 수준을 기록하며 2020년을 마무리했다.

[이미지출처=로이터연합뉴스]


31일(현지시간) 다우존스30 산업평균지수는 196.92포인트(0.65%) 오른 3만606.48에, S&P500 지수는 24.03포인트(0.64%) 상승한 3756.07에, 나스닥 지수는 18.28포인트(0.14%) 상승한 1만2888.28에 거래를 마쳤다.

다우 지수와 S&P500 지수는 사상 최고치였고, 나스닥 지수도 종가 기준으로 역대 최고 수준에 근접해 마감했다.

주간 기준 다우지수는 약 1.4% 상승했다. S&P500 지수는 1.4%, 나스닥은 0.7%가량 올랐다.

연간 기준으로는 나스닥 지수가 43%, 다우 지수와 S&P500 지수는 각각 7%, 16% 올랐다.

다우지수와 S&P500은 코로나19 사태로 약 30% 추락하는 등 폭락했지만 미 정부의 대규모 재정 투입과 연방준비제도(Fed)의 공격적인 금리 인하와 채권매입 등에 힘입은 유동성 장세의 덕을 톡톡히 봤다.

'언택트' 수혜주로 떠오른 기술기업들이 중심이 된 나스닥은 저점 대비 88%가량 치솟는 기염을 토했다.

내년 2월 인도분 서부 텍사스산 원유(WTI)는 전날보다 배럴당 0.3%(0.12달러) 오른 48.52달러에 거래를 마쳤다. 국제유가는 코로나19 영향으로 한때 유례가 없는 마이너스(-) 수준을 기록하는 등 유달리 큰 부침을 보였다. 유가는 코로나19 이전을 회복하지는 못했다.

2월 인도분 금은 전 거래일보다 온스당 0.1%(1.70달러) 오른 1895.10달러에 장을 마감했다. 올해 전체로는 금값 상승률은 25%로 2010년 이후 최대폭의 상승을 기록했다.

뉴욕=백종민 특파원 cinqange@asiae.co.kr

▶ 2021년 신축년(辛丑年) 신년운세와 토정비결은?
▶ 발 빠른 최신 뉴스, 네이버 메인에서 바로 보기
▶ 2021 소비자대상 설문 참여하면 경품 추첨!

<ⓒ경제를 보는 눈, 세계를 보는 창 아시아경제 무단전재 배포금지>",Good:1 Warm:0 Sad:0 Angry:0 Want:0,,,,,0
[뉴욕마감] 사상 최고치 마감…나스닥 올해 44% 급등,20210101,뉴스1,https://n.news.naver.com/mnews/article/421/0005082514,"뉴욕증권거래소(NYSE)

(서울=뉴스1) 윤다혜 기자 = 31일(현지시간) 뉴욕증시가 사상 최고치 기록을 다시 쓰며 마감했다.

로이터통신에 따르면, 다우존스 지수는 전장보다 195.62포인트(0.65%)오른 3만606.48에 거래를 마쳤다.

스탠더드앤드푸어스(S&P) 500지수는 전장대비 24.03포인트(0.64%) 상승한 3756.07, 기술주 중심의 나스닥종합지수는 18.28포인트(0.14%) 오른 1만2888.28에 마감했다.

다우 지수와 S&P500 지수는 신고점을 다시 썼고, 나스닥 지수도 종가 기준으로 역대 최고치에 근접한 수준이다.

올 한해 전체로 보면 다우존스 지수는 7%, S&P 500 지수는 16%, 나스닥은 44% 가까이 폭등해 가장 큰 연간 상승률을 기록했다.

로이터는 신종 코로나바이러스 감염증(코로나19) 대유행으로 인한 경제적 타격에도 코로나19 백신과 대규모 재정 부양책에 대한 기대감 등에 힘입어 미국 주식 주요 3대 지수가 원만한 연간 상승률을 기록했다고 전했다.

dahye18@news1.kr

▶ 네이버 메인에서 [뉴스1] 구독하기!
▶ 뉴스1&BBC 한글 뉴스 ▶ 터닝포인트 2021

© 뉴스1코리아(news1.kr), 무단 전재 및 재배포 금지",Good:0 Warm:0 Sad:0 Angry:0 Want:0,,,,,0
"국제유가, 코로나發 수요 충격에 올해 20% 뚝",20210101,머니투데이,https://n.news.naver.com/mnews/article/008/0004522311,"[머니투데이 뉴욕=이상배 특파원]

국제유가가 2020년 마지막 날을 오름세로 마무리했다. 그러나 올해 전체로 볼 때 국제유가는 코로나19(COVID-19) 사태에 따른 수요 둔화 우려로 20% 넘게 폭락했다.

31일(현지시간) 뉴욕상업거래소(NYMEX)에서 WTI(서부 텍사스산 원유) 내년 2월 인도분은 전 거래일보다 12센트(0.3%) 오른 배럴당 48.52달러로 거래를 마쳤다.

런던 ICE 선물거래소에서 국제유가의 기준물인 내년 3월분 북해산 브렌트유도 9센트(0.2%) 상승한 51.72달러를 기록했다.

연간 기준으론 두 유종의 가격 모두 크게 하락했다. 1년 동안 WTI는 21.4%, 브렌트유는 22.5% 각각 떨어졌다.

올해 대체로 약세였던 달러화도 이날은 강세를 보였다. 오후 4시10분 기준으로 뉴욕외환시장에서 달러인덱스(DXY)는 전날보다 0.27% 오른 89.92를 기록했다. 달러인덱스는 유로, 엔 등 주요 6개 통화를 기준으로 달러화 가치를 지수화한 것이다.

대표적 안전자산인 금값도 올랐다. 같은 시간 뉴욕상품거래소에서 내년 2월 인도분 금은 전 거래일보다 온스당 8.60달러(0.5%) 상승한 1902.00달러로 마감했다.

뉴욕=이상배 특파원 ppark140@gmail.com

▶부동산 투자는 [부릿지]
▶조 변호사의 가정상담소
▶줄리아 투자노트

<저작권자 ⓒ '돈이 보이는 리얼타임 뉴스' 머니투데이, 무단전재 및 재배포 금지>",Good:0 Warm:0 Sad:0 Angry:1 Want:0,,,,,0
[원유마감] WTI 0.3% 상승…국제유가 연간 20% 하락,20210101,뉴스1,https://n.news.naver.com/mnews/article/421/0005082489,"미국 텍사스주 러빙카운티의 원유 펌프잭. © 로이터=뉴스1

(서울=뉴스1) 윤다혜 기자 = 국제유가가 31일(현지시간) 소폭 상승했다.

로이터통신에 따르면, 미국 서부텍사스원유(WTI) 2월 인도분 선물은 전장 대비 0.12달러(0.3%) 오른 48.52달러에 거래를 마쳤다.

북핵 브랜트유 2월물도 전날보다 0.09달러(0.2%) 상승한 51.72달러를 가리키고 있다.

로이터에 따르면 2019년 말 대비 WTI는 20.5%, 브렌트유는 21.5% 각각 하락한 것으로 집계됐다.

코로나19 사태로 지구촌 곳곳에서 이동과 경제활동이 위축되면서 원유 수요가 줄어든 것이 그 이유로 꼽힌다.

코로나19 확산이 한창이던 지난 4월에는 수요 감소와 사우디아라비아와 러시아 사이의 '유가 전쟁'까지 겹치며 WTI 선물 가격이 배럴당 마이너스 40.32달러까지 폭락하며 사상 최악의 기록을 세웠다. 브렌트유도 배럴당 15.98달러까지 하락해 1999년 이후 최저치를 기록했다.

이후 조금씩 수요가 회복되고 백신이 개발되면서 유가가 회복됐으나, 연말에 불거진 영국발 변이 코로나19 바이러스 확산이 반등폭을 제한했다고 로이터는 전했다.

dahye18@news1.kr

▶ 네이버 메인에서 [뉴스1] 구독하기!
▶ 뉴스1&BBC 한글 뉴스 ▶ 터닝포인트 2021

© 뉴스1코리아(news1.kr), 무단 전재 및 재배포 금지",Good:0 Warm:0 Sad:0 Angry:0 Want:0,,,,,1
"“韓 경제성장 원동력은 수출, 경쟁력 더 키워라”",20210101,이데일리,https://n.news.naver.com/mnews/article/018/0004819200,"[신년 석학 인터뷰]
<1>제프리 프랭켈 하버드대 케네디스쿨 교수
韓, 성장률보다 금리 낮게 유지해야
올해 세계 경제 리스크, 코로나 변이
제프리 프랭켈 미국 하버드대 케네디스쿨 교수. (사진=하버드대 제공)
[뉴욕=이데일리 김정남 특파원] “나는 아직도 경제 성장의 주요 원동력이 무역이라고 믿는다. 한국은 (주요 성장동력인) 무역 경쟁력을 더 키울 필요가 있다.”

세계적인 경제 석학 제프리 프랭켈(68) 미국 하버드대 케네디스쿨 교수는 이데일리와 신년 인터뷰에서 한국경제에 대해 이렇게 조언했다. 프랭켈 교수는 국제통화기금(IMF), 세계은행(WB), 백악관 경제자문위원회 등을 두루 거친 거시경제·국제금융 석학이다.

프랭켈 교수는 한국을 미국을 제외한 여러 경제 선진국 중 하나로 분류하면서 “금리를 경제성장률보다 낮은 수준에서 유지해야 한다”고 했다. 금리가 낮아야 천문학적으로 불어난 부채가 유지 가능하다는 이유에서다.

정부와 중앙은행이 금리를 제대로 관리하지 못할 경우 빚더미에 깔려 경제가 무너질수도 있다는 경고이기도 하다. 만에 하나 부동산 등 일부 자산가격 급등을 이유로 통화 긴축 조짐을 보인다면, 그 후유증은 클 수 있다는 것이다. 기획재정부에 따르면 올해 한국 정부는 59년 만에 추경을 네 차례 편성하면서 수입보다 지출이 늘었고, 그 결과 국채 발행 규모가 104조원에 달했다.

프랭켈 교수는 내년 세계 경제의 최대 리스크 중 하나로 ‘돌연변이 바이러스(problematic virus mutations)’를 꼽았다. 그는 “백신의 도움으로 팬데믹을 극복할 수 있을지 여부가 가장 중요하다”며 “바이러스를 넘어서지 못한다면 세계 경제는 이전으로 돌아가지 못할 것”이라고 말했다.

김정남 (jungkim@edaily.co.kr)

▶ #24시간 빠른 #미리보는 뉴스 #eNews+
▶ 네이버에서 '이데일리 뉴스'를 만나보세요
▶ 빡침해소, 청춘뉘우스 '스냅타임'


＜ⓒ종합 경제정보 미디어 이데일리 - 무단전재 & 재배포 금지＞",Good:1 Warm:1 Sad:0 Angry:0 Want:1,"ㅋㅋㅋㅋㅋㅋㅋㅋㅋㅋㅋㅋㅋ 부채 유지를 위해 금리를 평생 내린다. 그럼 낮은 금리로 계속 불어나는 부채, 더 늘어나는 이자는 어떻게 할껀데? 왜 눈 앞만 보고 매를 피하려만 하냐고, 그러니까 훗날 빠따를 맞지. 그 피해는 모두 서민들이야.
","2021-01-01T09:54:54+0900
","0
","0
",1
"""비트코인은 투기…룰렛처럼 운에 달렸을 뿐""",20210101,이데일리,https://n.news.naver.com/mnews/article/018/0004819198,"[신년 석학 인터뷰]
<1>제프리 프랭켈 하버드대 케네디스쿨 교수
비트코인, 그 어떤 경제 원리와도 무관
실력 아닌 운에 의존하는 룰렛게임 같아
가산자산 비트코인 이미지. (사진=이데일리DB)
[뉴욕=이데일리 김정남 특파원] “비트코인은 순전히 투기입니다(It is pure speculation).”

제프리 프랭켈 미국 하버드대 케네디스쿨 교수는 이데일리와 신년 인터뷰에서 올해 금융자산 중 가장 크게 오른 비트코인을 두고 “그건 마치 룰렛게임(일종의 볼북복게임과 같은 원리로 실력과 무관하게 오직 운으로만 하는 게임)과 같다”며 이렇게 비판했다.

시장조사기관 모닝스타에 따르면 비트코인은 12월 30일 기준 1개당 2만8897.40달러(약 3140만원)로 어느덧 3만달러를 바라보고 있다. 원화 기준으로는 이미 3000만원을 넘었다. 한해 동안 무려 302.62% 치솟았다. 같은 기간 다우존스 30 산업평균지수(2만8538.44→3만409.56, 6.56%↑), 스탠더드앤드푸어스(S&P) 500 지수(3230.78→3732.04, 15.52%↑), 나스닥 지수(8972.60→1만2870.00, 43.44%↑), 러셀 2000 지수(1668.47→1979.99, 18.67%↑) 등 주요 주가지수의 상승 폭과 비교할 수 없을 정도다. 올해 폭등했다는 금 가격 역시 그 상승률은 23.91%다.

프랭켈 교수는 “비트코인 가격은 그 어떤 종류의 경제 기본 원리와 아무런 관련이 없다”며 “처음 등장했을 때부터 그래 왔다”고 혹평했다. 이는 월가 일각에서 비트코인을 두고 ‘제2의 금’으로 칭하며 주요 대체자산 중 하나로 인식하는 기류와는 완전히 다른 것이다.

비트코인은 핀테크 공룡 페이팔, 지급결제업체 스퀘어 같은 인지도 높은 기업들이 보유를 늘리고 있다는 점이 알려지며 주목 받아 왔다. 추후 비트코인 가격을 둘러싼 논쟁을 월가의 주요 화두 중 하나다.

김정남 (jungkim@edaily.co.kr)

▶ #24시간 빠른 #미리보는 뉴스 #eNews+
▶ 네이버에서 '이데일리 뉴스'를 만나보세요
▶ 빡침해소, 청춘뉘우스 '스냅타임'


＜ⓒ종합 경제정보 미디어 이데일리 - 무단전재 & 재배포 금지＞",Good:2 Warm:0 Sad:2 Angry:6 Want:2,"이런 무식한인간이 교수 ?
부동산도 못사 테슬라도 못사 비트코인도 못사 살 거라곤 지 모가지에 걸 밧줄밖에 못사겄누
투기에 실패한 전문가 ㅋㅋㅋㅋㅋ
뭐든지 쳐올리는 집단 세력이 있으면 그세력 죽기전까진 오릅니다.영화 작전은 잘만들어진 영화
지케시도 반감기 지났다2100만개다 6만달러간단다 사놔라
","2021-01-01T11:53:43+0900
2021-01-01T12:49:50+0900
2021-01-01T10:13:42+0900
2021-01-01T13:54:42+0900
2021-01-01T13:47:59+0900
","9
5
7
1
1
","1
0
3
0
0
",11
"""코로나에 확장재정 불가피…부채관리에 韓경제 미래 달렸다""",20210101,이데일리,https://n.news.naver.com/mnews/article/018/0004819190,"[신년 석학 인터뷰]
<1>제프리 프랭켈 하버드대 케네디스쿨 교수
세계 경제 키워드는 '부채 지속가능성'
주식·부동산 자산 인플레 부작용 우려
美 금리 상승 조짐시 증시 충격 가능성
韓 경제, 성장의 원동력은 무역 경쟁력
제프리 프랭켈 미국 하버드대 케네디스쿨 교수는 이데일리와 신년 인터뷰에서 한국 경제를 향해 “나는 아직도 경제 성장의 주요 원동력은 무역이라고 믿는다”고 했다. (사진=하버드대 제공)
[뉴욕=이데일리 김정남 특파원] 전혀 예상치 못한 코로나19 팬데믹 충격에 지난해 미국을 비롯한 전세계 실물경제는 직격탄을 맞았다. 그런데 그 와중에 주식 등 자산시장은 활황을 이어갔다. 그렇다면 올해 세계 경제, 또 한국 경제의 키워드는 무엇일까.

“지금 대부분 국가에서 공공부채가 역사상 최대 수준입니다. 코로나19 충격과 싸우기 위한 확장적인 재정정책의 결과인데요. 그건 충분히 적절했어요(fully appropriate). 그런데 각 나라의 경제 수준에 따라 부채를 감당할 수 있을 지는 다를 겁니다.”

세계적인 경제 석학인 제프리 프랭켈 미국 하버드대 케네디스쿨 교수가 이데일리와 신년 인터뷰를 통해 올해 경제를 조망하며 줄곧 강조한 건 ‘부채’였다. 확장 재정은 불가피하지만 그와 동시에 그만큼 부채 관리가 중요해졌다는 것이다. 팬데믹이 언제 끝날지 알 수 없는 불확실성 속에서 ‘부채의 지속가능성’이 올해 각국의 경제 성패를 좌우할 것이라는 진단이다.

당장 미국부터 그렇다. 국제금융협회(IIF)에 따르면 지난해 3분기 미국의 국내총생산(GDP) 대비 정부부채는 124.1%까지 급등했다. 코로나19가 본격화하기 전인 2019년 4분기(103.3%)와 비교해 무려 20.8%포인트 뛰었다. 지난해 3분기 GDP 대비 기업부채는 79.7%로 사상 최고였다. 미국 뿐만이 아니다. IIF가 신흥국 30개국을 대상으로 부채를 집계한 결과에 따르면 지난해 3분기 정부부채와 기업부채는 GDP와 비교해 각각 104.1%, 60.3%로 나타났다. 역대 가장 높다. 한국도 마찬가지다. 한국 정부는 지난해 추가경정예산을 네 차례나 편성하며 경기 대응에 나섰다.

이렇게 지난해 선진국과 신흥국 가리지 않고 빚을 지며 풀었던, 또 올해 더 풀 것으로 예상되는 막대한 유동성은 어떤 결과로 다가올까.

“급증한 신흥국 부채 , 지속가능하지 않다”

-현재 세계 각국의 부채 수준은 지속가능한가.

△우리는 코로나19 이후 전세계 부채 비율이 매우 빠르게 증가한 것을 보고 있다. 그런데 각 나라마다 그 여파는 다르다. 미국부터 보자. 미국은 매우 오랜 기간 지속가능할 것이다. 기축통화인 달러화가 가진 독보적인 특권(exorbitant privilege) 때문이다. (달러화는 금과 더불어 각국이 준비통화로 보유하는 통화로 미국 정부가 발행하는 미국채의 가치는 매우 안정돼 있다.) 그 어떤 나라의 통화도 달러화의 지위에 도전할 수 있을 것 같지 않다.

-다른 나라들은 어떤가.

△미국 외 다른 선진국들(other industrialized countries)의 경우 장기시장금리가 GDP 증가율보다 낮은 수준으로 오래 유지되는 한(so long as the interest rate remains below the GDP growth rate) 부채는 지속할 수 있을 것으로 본다. 금리가 낮아야 GDP 대비 부채 비율이 증가해도 원리금 상환 능력을 제한 받지 않을 수 있기 때문이다. 현재 장기채권시장 참가자들은 (경기 회복이 빠르지 않아서) 금리가 꽤 오래 낮은 수준을 보일 것으로 점치고 있다. 래리 서머스 전 미국 재무장관이 2013년 예견했던 구조적 장기침체(secular stagnation)와 비슷한 상황이다. 한국 경제는 여기에 해당한다.

-그렇다면 다른 신흥국들의 부채는 어떤가.

△많은 신흥국과 개발도상국의 막대한 부채는 지속가능하지 않을 것이다. 국제사회가 채무 상환 연기 혹은 감축 등 채무 재조정 노력을 기울여야 할 것이다.

“美 금리 상승 조짐시 증시 충격 가능성”

-올해 재정정책과 함께 통화정책도 초완화적이었다.

△그렇다. 연방준비제도(Fed)를 비롯한 중앙은행이 팬데믹 침체에 대응해 ‘올바른 일(has done the right thing)’을 했다고 믿는다. 그렇지만 역시 부작용을 우려하지 않을 수 없다.

-어떤 부작용인가.

△전통적으로 초완화적인 통화정책은 상품시장의 가격 혹은 노동시장의 임금을 확 끌어올리는 인플레이션으로 나타났다. 하지만 (잃어버린 20년 직전) 일본의 1980년대 말이나 (글로벌 금융위기 직전) 미국의 2003~2006년을 보면, 주식과 부동산 같은 자산가격의 급등이 두드러졌다. 인플레이션 부작용이 최근 다른 형태로 나타나고 있는 것이다.

-올해 미국 증시 급등이 그렇다는 건가.

△미국 증시 초강세의 이유는 매우 간단하다. 급격한 통화 팽창 때문이다.

-지금 미국을 비롯한 증시는 버블인가.

△버블을 어떻게 정의하느냐에 따라 다르다. 현재 주가는 배당, 수익, GDP 등과 비교했을 때 역사상 최고점에 있는 건 분명하다. 이건 초저금리로 설명할 수 있다. (올해 백신의 광범위한 보급 등으로 경제 회복이 빨라지면서) 만약 미국 금리가 조금이라도 팬데믹 이전 수준으로 돌아올 것으로 예상된다면 주식시장은 충격을 받을 수 있다는 점을 잊지 말아야 한다. 핵심은 금리다. (월가 일각에서는 이르면 내년 하반기부터 연준이 통화 완화 수준의 축소를 조금씩 거론할 수 있다는 관측이 있다.)

-올해 경제의 또다른 잠재적인 위험은 무엇인가.

△가장 중요한 건 우리가 새로운 백신을 통해 코로나19 바이러스를 극복할 수 있을지 여부다. 그래서 문제를 일으킬 만한 변이 바이러스가 나타나 극복 속도가 늦어지지 않을까 우려된다. 거기에 더해 (팬데믹이 길어지면서) 시민들이 방역에 비협조적으로 나올 가능성이 있다. 우리가 바이러스를 이겨내지 못하면 세계 경제는 정상으로 돌아가지 못할 것이다.

-현재 경제위기는 과거와 어떻게 다른가.

△최근 수십년간 몇 차례 심각한 경기 침체가 있었다. 거기에 1918~1919년 창궐했던 스페인 독감이 합쳐진 것이다. 보건위기와 경제위기가 겹쳐 있다.

“바이든, 근로소득 세액공제 확대 필요”

-올해 초 바이든 행정부가 출범한다. 경제위기에 어떻게 대응할까?

△미국은 그동안 정부 지출을 통해 경제위기의 심화를 막았다. 조 바이든 대통령 당선인이 재닛 옐런 전 연준 의장을 재무장관 후보자로 지명했다. 옐런은 재정을 확장적으로 운용하려 한다는 점에서 바람직하다. (그의 경력만 봐도) 재무장관 업무에 적격이다. 바이든 당선인은 재정을 통한 소득 지원 프로그램을 넘어 인프라, 보건, 교육 등에 대한 공공투자를 늘리고 소득 40만달러 이상인 가구에 세금을 확대해 이를 부담하도록 하려 한다. 그 경제적 접근에 동의한다. 지금은 재정 확대는 불가피하다.

-바이든 행정부에 대한 경제정책 조언은.

△근로소득 세액공제(earned income tax credit·근로자에게 부과한 소득세에서 소득에 따라 일정 금액을 공제해주는 제도) 확대를 권하고 싶다. 세율보다 공제 부분을 조정하는 식이다. 또 상당한 규모의 탄소세(substantial carbon tax) 도입이 필요하다. 탄소세 같은 추가 세수를 통해 미래의 재정적자를 줄이는데 쓸 수 있을 것이다.

-한국 경제가 코로나19로 큰 어려움에 처해 있다.

△그렇다. 한국 역시 보건과 경제에서 팬데믹의 악영향을 받은 걸로 안다. 하지만 한국은 상대적으로 보건과 경제에서 선방하고 있다고 본다.

-한국 경제의 성장을 위한 조언을 부탁한다.

△나는 아직도 경제 성장의 주요 원동력이 무역이라고 믿는다. 한국은 (주요 성장동력인) 무역 경쟁력을 더 키울 필요가 있다고 조언하고 싶다.

제프리 프랭켈 교수는…

△1952년생 △미국 스워스모어대 경제학 학사 △MIT 경제학 박사 △미시건대 경제학과 교수 △국제통화기금(IMF) 이코노미스트 △세계은행(WB) 컨설턴트 △빌 클린턴 백악관 경제자문위원회 수석이코노미스트 △전미경제조사국(NBER) 경기순환위원 △UC버클리 경제학과 교수 △하버드대 케네디스쿨 교수

김정남 (jungkim@edaily.co.kr)

▶ #24시간 빠른 #미리보는 뉴스 #eNews+
▶ 네이버에서 '이데일리 뉴스'를 만나보세요
▶ 빡침해소, 청춘뉘우스 '스냅타임'


＜ⓒ종합 경제정보 미디어 이데일리 - 무단전재 & 재배포 금지＞",Good:1 Warm:0 Sad:0 Angry:0 Want:1,,,,,0
"EU, 美 추가 관세에 ""일방적 조치...새 행정부와 얘기하겠다""",20210101,뉴시스,https://n.news.naver.com/mnews/article/003/0010271736,"美무역대표부, 프랑스·독일산 일부 제품에 추가 관세 발표
16년 묵은 항공기 보조금 문제...트럼프 행정부서 심화
EU, 바이든 취임 앞두고 中과 투자협정...갈등 요인 여전
[브뤼셀=AP/뉴시스]벨기에 브뤼셀 유럽연합(EU) 본부 바깥의 EU기. 2020.12.24
[런던=뉴시스] 이지예 기자 = 유럽연합(EU)이 일부 유럽산 제품에 대한 미국의 추가 관세 부과에 '일방적' 조치라고 반발했다. EU는 차기 조 바이든 미 행정부와 협의를 다시 하겠다고 주장했다.

블룸버그통신에 따르면 EU 집행위원회는 31일(현지시간) 성명을 통해 ""미국의 조치는 오랫동안 이어지고 있는 항공기 분쟁을 놓고 해결책을 찾기 위해 위원회와 미국무역대표부(USTR)가 진행 중인 협상을 일방적으로 저해한다""고 밝혔다.

이어 ""EU는 협상을 지속하며 영구적인 해결책을 찾기 위해 가능한 신속히 새 미국 행정부와 협력할 것""이라고 강조했다.

USTR은 전날 프랑스와 독일산 일부 항공기 제조부품과 코냑, 와인 등에 추가 관세를 부과한다고 발표했다. 관세 규모와 시점은 구체적으로 언급하지 않았다.

미국과 EU는 유럽과 미국의 항공기 제조사 에어버스, 보잉과 관련한 보조금 지급 문제를 놓고 2004년부터 분쟁을 벌여 왔다.

도널드 트럼프 미국 행정부 들어 양측 간 갈등은 더욱 심해졌다. 트럼프 대통령은 한때 유럽이 무역 문제를 놓고 미국을 이용하고 있다며 EU를 '적'(foe)이라고 표현했다.

바이든 차기 미 대통령 당선인은 트럼프 대통령이 망가뜨린 미국과 유럽의 서구 동맹을 복원하겠다고 공언했다.

그러나 미국과 EU의 갈등 요인은 여전하다. EU는 미중 갈등 심화 국면에서 지난 30일 중국과 투자협정을 체결해 상호 시장 접근성을 대폭 확대했다．

☞공감언론 뉴시스 ez@newsis.com

▶ 네이버에서 뉴시스 구독하기
▶ K-Artprice, 유명 미술작품 가격 공개
▶ 뉴시스 빅데이터 MSI 주가시세표 바로가기

<ⓒ 공감언론 뉴시스통신사. 무단전재-재배포 금지>",Good:1 Warm:0 Sad:1 Angry:0 Want:0,"바이든 행정부가 들어설 때나 가능한 말이지.
","2021-01-01T02:25:24+0900
","0
","0
",3
美 주간 신규실업수당 신청자 70만명대로 재진입,20210101,아시아경제,https://n.news.naver.com/mnews/article/277/0004820881,"[아시아경제 뉴욕=백종민 특파원] 미국의 신규 실업자 수가 2주 연속 감소했다.

미 노동부는 31일(현지시간) 지난주(12월 20일∼26일) 신규 실업수당 청구 건수가 78만7000건이라고 발표했다. 전주대비 1만9000건이 감소했다. 시장 예상치 83만5000건보다도 낮았다.

신규실업자 수는 12월들어 3주간 80만명 이상이 발생했지만 이번에 다시 70만명선으로 낮아졌다.

최소 2주간 실업수당을 청구하는 계속 실업수당 청구 건수는 522만건이었다.

뉴욕=백종민 특파원 cinqange@asiae.co.kr

▶ 2021년 신축년(辛丑年) 신년운세와 토정비결은?
▶ 발 빠른 최신 뉴스, 네이버 메인에서 바로 보기
▶ 2021 소비자대상 설문 참여하면 경품 추첨!

<ⓒ경제를 보는 눈, 세계를 보는 창 아시아경제 무단전재 배포금지>",Good:1 Warm:0 Sad:0 Angry:0 Want:0,,,,,0
美 12월 4주차 실업수당 청구 1달 만에 최저,20210101,파이낸셜뉴스,https://n.news.naver.com/mnews/article/014/0004557114,"2020년 10월 1일 미국 테네시주 프랭클린에서 한 시민이 개인 대출을 광고하는 벽보 옆을 지나고 있다.AP뉴시스


[파이낸셜뉴스] 미국의 지난해 12월 넷째주 실업수당 청구 건수가 전주 대비 1만9000건 줄어든 78만7000건으로 집계되어 한달 만에 최저 수준을 기록했다.

AP통신에 따르면 미 노동부는 지난달 30일(현지시간) 발표에서 2020년 12월 20~26일 신규 실업수당 건수가 이같이 감소했다고 밝혔다. 해당 수치는 미 다우존스가 예상한 전망치(82만8000건)를 밑돌 뿐만 아니라 지난 4주 기록 가운데 가장 낮았다. 미국의 실업수당 신청 건수는 코로나19가 본격적으로 미국을 강타하기 이전에 1주 평균 22만5000건 수준이었으나 지난해 3월에는 690만건까지 올랐다. 이번 수치는 2주 연속 감소하기는 했지만 여전히 전년 동기보다는 4배 가까이 많다. 미 노동부는 지난달 19일 기준으로 실업 급여를 받는 인구가 약 520만명으로 1주 전보다 10만3000명 감소했다고 전했다.

전문가들은 지난주 미 의회에서 5차 경기 부양책이 정체되면서 많은 실업자들이 실업수당 청구를 주저했다고 분석했다. 여야는 9000억달러(약 979조원) 규모의 부양책에 1인당 600달러 규모의 2차 재난지원금을 편성했으나 야당과 도널드 트럼프 미 대통령은 재난 지원금을 2000달러로 올려야 한다고 주장했다. 영국 시장조사기관 옥스퍼드 이코노믹스의 낸시 밴든 휴튼 미국 이코노미스트는 “미 경제가 2021년 하반기에 상승세가 예상되지만, 그때까지는 당분간 실업수당 청구가 크게 줄어들지 않을 것”이라고 내다봤다.

pjw@fnnews.com 박종원 기자

▶ 헉! 소리나는 스!토리 뉴스 [헉스]
▶ '아는 척'하고 싶은 당신을 위한 [두유노우]
▶ 날로먹고 구워먹는 금융이슈 [파인애플]

※ 저작권자 ⓒ 파이낸셜뉴스. 무단 전재-재배포 금지",Good:3 Warm:0 Sad:0 Angry:1 Want:0,,,,,
美 신규 실업수당 청구 2주 연속↓...코로나 이전의 4배,20210101,뉴시스,https://n.news.naver.com/mnews/article/003/0010271705,"주당 청구 건수 78만7000건...4주 사이 가장 낮아
""코로나19 사태로 인한 일자리 감소 계속""
[뉴욕=AP/뉴시스]17일(현지시간) 미국 뉴욕 웨스트 시티. 2020.12.18.
[런던=뉴시스] 이지예 기자 = 지난주(12월20일~26일) 미국의 주간 신규 실업수당 청구는 78만7000건으로 2주 연속 줄었다.

미국 노동부는 31일(현지시간) 지난 한 주 신규 실업수당 청구 건수가 78만7000건으로 직전 주(80만6000건)보다 1만9000건 줄었다고 밝혔다. 시장 예상치인 82만8000건보다 훨씬 적었다.

이번 수치는 지난 4주 사이 가장 낮지만 여전히 1년 전 신종 코로나바이러스 감염증(코로나19) 사태가 불거지기 전보다 4배 가까이 높다고 AP통신은 분석했다.

코로나19 확진자가 계속 늘어나면서 사람들이 집에 머물고 제한조치가 재도입되자 고용주들 역시 일자리 줄이기를 지속하고 있다는 설명이다.

미국의 주간 신규 실업수당 청구 건수는 코로나19 확산이 본격화한 지난 3월 한때 686만7000건까지 폭증했다.

이후 바이러스 억제를 위해 취한 제한 조치가 풀리고 재고용이 이뤄지면서 서서히 감소세를 보였다.

그러나 코로나19 재확산이 일면서 7월 중순 이후 큰 틀에서 하향 추세 속에 소폭 등락을 반복하고 있다.

코로나19 사태 이전과 비교하면 여전히 심각한 수준이다. 미국에서 확산세가 거세지기 전인 3월 초 주간 청구 건수는 20만~22만건 사이에 머물렀다.

글로벌 통계웹 월드오미터 기준 미국의 코로나19 누적 확진자는 약 2023만 명이다. 누적 사망자는 약 36만명이다. 확진자와 사망자 모두 전 세계에서 가장 많다．

☞공감언론 뉴시스 ez@newsis.com

▶ 네이버에서 뉴시스 구독하기
▶ K-Artprice, 유명 미술작품 가격 공개
▶ 뉴시스 빅데이터 MSI 주가시세표 바로가기

<ⓒ 공감언론 뉴시스통신사. 무단전재-재배포 금지>",Good:1 Warm:0 Sad:0 Angry:0 Want:0,,,,,0
